label,window_id,source_path,start,end,robust_l2,robust_l2_pvalue,max_abs_z,mahalanobis,mahalanobis_pvalue,nearest_feature_distance,nearest_feature_pvalue,exact_row_match_fraction,nearest_raw_window_rms,nearest_raw_window_start
adversarial_block_gan_best_5y_1260,adversarial_block_gan_best_5y_1260_0000,data/generated/adversarial_block_gan/best_5y_1260.csv,0,1259,0.9054813848250944,0.661993769470405,1.8243976576281522,0.49948606836142734,0.29906542056074764,0.2983586141584175,0.9735202492211839,0.0,0.8325789052747531,11670
adversarial_block_gan_ensemble_paths,adversarial_block_gan_ensemble_paths_0,data/generated/adversarial_block_gan/ensemble_paths.csv,0,1259,0.9054813848250944,0.661993769470405,1.8243976576281522,0.49948606836142734,0.29906542056074764,0.2983586141584175,0.9735202492211839,0.0,0.8325789052747531,11670
adversarial_block_gan_ensemble_paths,adversarial_block_gan_ensemble_paths_1,data/generated/adversarial_block_gan/ensemble_paths.csv,0,1259,0.8199466746070189,0.7912772585669782,1.834254571428577,0.46670356040430117,0.4766355140186916,0.16814593003945558,0.9221183800623053,0.0,0.9350996448778972,400
adversarial_block_gan_ensemble_paths,adversarial_block_gan_ensemble_paths_2,data/generated/adversarial_block_gan/ensemble_paths.csv,0,1259,0.7885991989938144,0.8442367601246106,1.8002632226153432,0.4860710000518099,0.3426791277258567,0.239514459038894,0.9626168224299065,0.0,1.1772624553839939,570
adversarial_block_gan_ensemble_paths,adversarial_block_gan_ensemble_paths_3,data/generated/adversarial_block_gan/ensemble_paths.csv,0,1259,0.9731228727947575,0.5934579439252337,3.3097954290719334,0.4769201346962685,0.40809968847352024,0.11474457867843511,0.7928348909657321,0.0,1.2495475627810262,35
adversarial_block_gan_ensemble_paths,adversarial_block_gan_ensemble_paths_4,data/generated/adversarial_block_gan/ensemble_paths.csv,0,1259,0.8556730443639089,0.7118380062305296,2.144916155096034,0.4609357296896102,0.5311526479750779,0.14368909210037342,0.8785046728971962,0.0,0.9067175116077087,11745
adversarial_block_gan_ensemble_paths,adversarial_block_gan_ensemble_paths_5,data/generated/adversarial_block_gan/ensemble_paths.csv,0,1259,0.6775668932604951,0.9828660436137072,1.5870588235294119,0.4491711908692517,0.6152647975077882,0.13816055947272204,0.8707165109034268,0.0,1.125760168521717,35
adversarial_block_gan_ensemble_paths,adversarial_block_gan_ensemble_paths_6,data/generated/adversarial_block_gan/ensemble_paths.csv,0,1259,0.9870985808405521,0.5700934579439252,3.2917570955727657,0.47725295013064684,0.40498442367601245,0.1934124246889065,0.9439252336448598,0.0,1.244195912943242,400
adversarial_block_gan_ensemble_paths,adversarial_block_gan_ensemble_paths_7,data/generated/adversarial_block_gan/ensemble_paths.csv,0,1259,0.9802111514369248,0.5825545171339563,3.2974396054022526,0.4906845254266821,0.32398753894080995,0.19509153116672726,0.9439252336448598,0.0,1.2458450506576706,570
adversarial_block_gan_ensemble_paths,adversarial_block_gan_ensemble_paths_8,data/generated/adversarial_block_gan/ensemble_paths.csv,0,1259,0.8610847231060568,0.6962616822429907,1.838526080875014,0.531461133324311,0.1853582554517134,0.2554349975241697,0.9688473520249221,0.0,0.9178514658561373,425
adversarial_block_gan_ensemble_paths,adversarial_block_gan_ensemble_paths_9,data/generated/adversarial_block_gan/ensemble_paths.csv,0,1259,0.8118564003176808,0.7975077881619937,2.3641139555865474,0.5928700381735077,0.1043613707165109,0.19346014170338274,0.9439252336448598,0.0,1.1728627742685764,380
adversarial_block_gan_ensemble_paths,adversarial_block_gan_ensemble_paths_10,data/generated/adversarial_block_gan/ensemble_paths.csv,0,1259,0.880518976691073,0.67601246105919,2.132927714106723,0.5870329009225225,0.10747663551401869,0.197786150252572,0.9439252336448598,0.0,0.87285734659174,6450
adversarial_block_gan_ensemble_paths,adversarial_block_gan_ensemble_paths_11,data/generated/adversarial_block_gan/ensemble_paths.csv,0,1259,0.8601589170156775,0.6978193146417445,2.2333061867936985,0.5169039063245034,0.2398753894080997,0.25100372370374174,0.9672897196261683,0.0,1.213193118455399,410
adversarial_block_gan_ensemble_paths,adversarial_block_gan_ensemble_paths_12,data/generated/adversarial_block_gan/ensemble_paths.csv,0,1259,0.7506112110690997,0.9003115264797508,2.198471643179733,0.5582361347114767,0.1261682242990654,0.14079561849084005,0.8769470404984424,0.0,0.9548348162911606,450
adversarial_block_gan_ensemble_paths,adversarial_block_gan_ensemble_paths_13,data/generated/adversarial_block_gan/ensemble_paths.csv,0,1259,0.7505294654606828,0.9003115264797508,1.804497387229785,0.5787236945331923,0.11214953271028037,0.24495904814411376,0.9641744548286605,0.0,1.0160305063266213,640
adversarial_block_gan_ensemble_paths,adversarial_block_gan_ensemble_paths_14,data/generated/adversarial_block_gan/ensemble_paths.csv,0,1259,0.8162184095278194,0.7959501557632399,2.144926441970184,0.4988582986550002,0.30062305295950154,0.20577686274646897,0.9532710280373832,0.0,0.9688249366644539,305
adversarial_block_gan_ensemble_paths,adversarial_block_gan_ensemble_paths_15,data/generated/adversarial_block_gan/ensemble_paths.csv,0,1259,0.9765957226194659,0.5903426791277259,3.3183734259577884,0.5513697778938919,0.14174454828660435,0.2502684041965848,0.9672897196261683,0.0,1.2739312642855334,620
adversarial_block_gan_ensemble_paths,adversarial_block_gan_ensemble_paths_16,data/generated/adversarial_block_gan/ensemble_paths.csv,0,1259,0.9540139843482315,0.6246105919003115,3.450126517129476,0.613674322800139,0.09345794392523364,0.2934500554436737,0.9719626168224299,0.0,0.9669791310914003,620
adversarial_block_gan_ensemble_paths,adversarial_block_gan_ensemble_paths_17,data/generated/adversarial_block_gan/ensemble_paths.csv,0,1259,0.8584677066096188,0.705607476635514,2.164171122994651,0.5241567355250742,0.2087227414330218,0.1702190177786772,0.9252336448598131,0.0,0.9219275700154939,510
adversarial_block_gan_ensemble_paths,adversarial_block_gan_ensemble_paths_18,data/generated/adversarial_block_gan/ensemble_paths.csv,0,1259,1.0737849762074374,0.43457943925233644,3.4614137623340286,0.48088533753046275,0.37850467289719625,0.17312743027537203,0.9252336448598131,0.0,1.1569700391497526,375
adversarial_block_gan_ensemble_paths,adversarial_block_gan_ensemble_paths_19,data/generated/adversarial_block_gan/ensemble_paths.csv,0,1259,0.7294929307589044,0.9299065420560748,2.3155682604412307,0.5675468346656878,0.11526479750778816,0.2457152239656853,0.9641744548286605,0.0,1.067285817525199,490
adversarial_block_gan_ensemble_paths,adversarial_block_gan_ensemble_paths_20,data/generated/adversarial_block_gan/ensemble_paths.csv,0,1259,0.8856581183539662,0.6728971962616822,2.283274686423249,0.5241311097456834,0.2087227414330218,0.25759715223287527,0.9688473520249221,0.0,0.9203304215547952,630
adversarial_block_gan_ensemble_paths,adversarial_block_gan_ensemble_paths_21,data/generated/adversarial_block_gan/ensemble_paths.csv,0,1259,0.810654780240263,0.7990654205607477,1.8179037433155067,0.5370086595404907,0.16510903426791276,0.26999173593746717,0.9688473520249221,0.0,0.9582600718538687,580
adversarial_block_gan_ensemble_paths,adversarial_block_gan_ensemble_paths_22,data/generated/adversarial_block_gan/ensemble_paths.csv,0,1259,0.877650315030018,0.677570093457944,2.2100683247912642,0.5307467920836771,0.19003115264797507,0.1999633106258538,0.9501557632398754,0.0,0.9443788222469239,360
adversarial_block_gan_ensemble_paths,adversarial_block_gan_ensemble_paths_23,data/generated/adversarial_block_gan/ensemble_paths.csv,0,1259,0.7953516646652713,0.8271028037383178,3.022940541089926,0.5764620399240092,0.11214953271028037,0.21505678361400307,0.9579439252336449,0.0,1.1243485472507873,30
adversarial_block_gan_ensemble_paths,adversarial_block_gan_ensemble_paths_24,data/generated/adversarial_block_gan/ensemble_paths.csv,0,1259,0.8386519697694597,0.7616822429906542,2.00616521474105,0.5292905648818438,0.19003115264797507,0.25617965253841823,0.9688473520249221,0.0,0.9488144968867959,490
adversarial_block_gan_ensemble_paths,adversarial_block_gan_ensemble_paths_25,data/generated/adversarial_block_gan/ensemble_paths.csv,0,1259,0.8689626116948856,0.6884735202492211,2.0820904889961818,0.5539689228046668,0.1308411214953271,0.22393888979781543,0.9595015576323987,0.0,0.9228920821506802,0
adversarial_block_gan_ensemble_paths,adversarial_block_gan_ensemble_paths_26,data/generated/adversarial_block_gan/ensemble_paths.csv,0,1259,0.8316327336634157,0.7819314641744548,1.834254571428577,0.564459137278297,0.11526479750778816,0.28853548582821986,0.9719626168224299,0.0,0.924353201513383,11905
adversarial_block_gan_ensemble_paths,adversarial_block_gan_ensemble_paths_27,data/generated/adversarial_block_gan/ensemble_paths.csv,0,1259,0.9191286923931037,0.6464174454828661,2.753128510583204,0.5951848757702082,0.1043613707165109,0.2227290047087747,0.9595015576323987,0.0,0.9612350713443661,450
adversarial_block_gan_ensemble_paths,adversarial_block_gan_ensemble_paths_28,data/generated/adversarial_block_gan/ensemble_paths.csv,0,1259,0.7865385374276911,0.8442367601246106,2.2963335548974415,0.6588615395286057,0.05451713395638629,0.3675020161413826,0.9844236760124611,0.0,1.1469874903704762,365
adversarial_block_gan_ensemble_paths,adversarial_block_gan_ensemble_paths_29,data/generated/adversarial_block_gan/ensemble_paths.csv,0,1259,0.9467200698380406,0.6292834890965732,3.4210590421573572,0.5626578147186319,0.11838006230529595,0.28412202764606304,0.9719626168224299,0.0,1.2691808547673549,350
adversarial_block_gan_ensemble_paths,adversarial_block_gan_ensemble_paths_30,data/generated/adversarial_block_gan/ensemble_paths.csv,0,1259,0.9119967337716622,0.6542056074766355,2.7665542682406876,0.5219058770070591,0.2118380062305296,0.28854346994553165,0.9719626168224299,0.0,0.8692144001602091,11710
adversarial_block_gan_ensemble_paths,adversarial_block_gan_ensemble_paths_31,data/generated/adversarial_block_gan/ensemble_paths.csv,0,1259,0.8291580884338465,0.7850467289719626,2.488185529126587,0.49139518542223837,0.32087227414330216,0.13918249848966702,0.8707165109034268,0.0,0.813804287966584,11230
adversarial_block_gan_ensemble_paths,adversarial_block_gan_ensemble_paths_32,data/generated/adversarial_block_gan/ensemble_paths.csv,0,1259,0.8430684319334559,0.7523364485981309,1.9770558571428594,0.5701261186925459,0.11526479750778816,0.33587549397562605,0.9828660436137072,0.0,0.9358415056829781,495
adversarial_block_gan_ensemble_paths,adversarial_block_gan_ensemble_paths_33,data/generated/adversarial_block_gan/ensemble_paths.csv,0,1259,0.9268434446412784,0.6401869158878505,2.356705097125246,0.65898000378131,0.05451713395638629,0.264406820568696,0.9688473520249221,0.0,0.9758279276430659,440
adversarial_block_gan_ensemble_paths,adversarial_block_gan_ensemble_paths_34,data/generated/adversarial_block_gan/ensemble_paths.csv,0,1259,0.9433066416147307,0.6292834890965732,3.409144423790781,0.654301812454034,0.056074766355140186,0.3384245543234995,0.9844236760124611,0.0,0.9705073246673886,420
adversarial_block_gan_ensemble_paths,adversarial_block_gan_ensemble_paths_35,data/generated/adversarial_block_gan/ensemble_paths.csv,0,1259,0.750125745061474,0.9003115264797508,2.4791636039132814,0.6075209215451257,0.102803738317757,0.27340174078446744,0.9688473520249221,0.0,0.996923676989078,520
adversarial_block_gan_ensemble_paths,adversarial_block_gan_ensemble_paths_36,data/generated/adversarial_block_gan/ensemble_paths.csv,0,1259,0.835878114719458,0.7679127725856698,2.2505638306100484,0.5761490934388436,0.11214953271028037,0.24230223956707236,0.9641744548286605,0.0,1.1842035292257902,620
adversarial_block_gan_ensemble_paths,adversarial_block_gan_ensemble_paths_37,data/generated/adversarial_block_gan/ensemble_paths.csv,0,1259,0.8811298965027405,0.67601246105919,2.4289531005921288,0.5596543087004947,0.12461059190031153,0.26806395546399725,0.9688473520249221,0.0,0.9273378277988417,475
adversarial_block_gan_ensemble_paths,adversarial_block_gan_ensemble_paths_38,data/generated/adversarial_block_gan/ensemble_paths.csv,0,1259,0.7900256897714399,0.839563862928349,2.3204564775144014,0.6496183897374518,0.05763239875389408,0.41623672816396134,0.9875389408099688,0.0,0.9729855727458324,325
adversarial_block_gan_ensemble_paths,adversarial_block_gan_ensemble_paths_39,data/generated/adversarial_block_gan/ensemble_paths.csv,0,1259,0.8662774268205815,0.6884735202492211,2.2556197620994105,0.5697224791607642,0.11526479750778816,0.2839404372114063,0.9719626168224299,0.0,0.7772545802478195,11360
adversarial_block_gan_ensemble_paths,adversarial_block_gan_ensemble_paths_40,data/generated/adversarial_block_gan/ensemble_paths.csv,0,1259,0.9744796517674852,0.5919003115264797,3.56274358974359,0.6673959127272817,0.04672897196261682,0.312219262225099,0.9797507788161994,0.0,0.7849259622206165,1610
adversarial_block_gan_ensemble_paths,adversarial_block_gan_ensemble_paths_41,data/generated/adversarial_block_gan/ensemble_paths.csv,0,1259,0.9138870970770238,0.6526479750778816,2.279875699391726,0.6714234266135345,0.045171339563862926,0.24027156280236292,0.9626168224299065,0.0,0.965634618651664,445
adversarial_block_gan_ensemble_paths,adversarial_block_gan_ensemble_paths_42,data/generated/adversarial_block_gan/ensemble_paths.csv,0,1259,1.1863175786499838,0.32554517133956384,3.351223125249332,0.4520509484160206,0.5965732087227414,0.14480429421192315,0.8800623052959502,0.0,1.3795131311536413,350
adversarial_block_gan_ensemble_paths,adversarial_block_gan_ensemble_paths_43,data/generated/adversarial_block_gan/ensemble_paths.csv,0,1259,0.7934011568178435,0.8364485981308412,1.7568372093023215,0.5915748287266749,0.10747663551401869,0.26684968096607214,0.9688473520249221,0.0,0.9166266699248483,11380
adversarial_block_gan_ensemble_paths,adversarial_block_gan_ensemble_paths_44,data/generated/adversarial_block_gan/ensemble_paths.csv,0,1259,1.2085027848007193,0.29283489096573206,3.357589879378854,0.46268670414518565,0.5124610591900312,0.16172147724796465,0.9112149532710281,0.0,1.3518910949890983,325
adversarial_block_gan_ensemble_paths,adversarial_block_gan_ensemble_paths_45,data/generated/adversarial_block_gan/ensemble_paths.csv,0,1259,0.7567336354866745,0.8956386292834891,2.742056439760631,0.6013373689340719,0.102803738317757,0.19919180243562684,0.9470404984423676,0.0,0.9927002669786934,455
adversarial_block_gan_ensemble_paths,adversarial_block_gan_ensemble_paths_46,data/generated/adversarial_block_gan/ensemble_paths.csv,0,1259,0.8632914351419094,0.6915887850467289,2.929340523476645,0.5776996342916355,0.11214953271028037,0.2573285421740936,0.9688473520249221,0.0,0.9790900536506348,510
adversarial_block_gan_ensemble_paths,adversarial_block_gan_ensemble_paths_47,data/generated/adversarial_block_gan/ensemble_paths.csv,0,1259,0.8770588425725527,0.677570093457944,2.5970053475935777,0.5443016377013052,0.14953271028037382,0.2610007721558793,0.9688473520249221,0.0,0.9657215328813479,320
adversarial_block_gan_ensemble_paths,adversarial_block_gan_ensemble_paths_48,data/generated/adversarial_block_gan/ensemble_paths.csv,0,1259,0.7068628004331228,0.9485981308411215,2.0102745098039216,0.5702143583971881,0.11526479750778816,0.22027015337618533,0.9595015576323987,0.0,1.0051823585411346,8830
adversarial_block_gan_ensemble_paths,adversarial_block_gan_ensemble_paths_49,data/generated/adversarial_block_gan/ensemble_paths.csv,0,1259,0.9665069839962213,0.5965732087227414,3.35301952975758,0.6270908346694632,0.08255451713395638,0.30556866535626065,0.9781931464174455,0.0,1.2501089619381394,495
adversarial_block_gan_ensemble_paths,adversarial_block_gan_ensemble_paths_50,data/generated/adversarial_block_gan/ensemble_paths.csv,0,1259,0.7860534489848419,0.8442367601246106,2.6431050786430625,0.5882646613212316,0.10747663551401869,0.22219083937836848,0.9595015576323987,0.0,1.007963788263743,360
adversarial_block_gan_ensemble_paths,adversarial_block_gan_ensemble_paths_51,data/generated/adversarial_block_gan/ensemble_paths.csv,0,1259,0.8164712855300016,0.7959501557632399,3.0056137380791945,0.6402131690200169,0.06697819314641744,0.3235215216586476,0.9813084112149533,0.0,1.1455641224572113,465
adversarial_block_gan_ensemble_paths,adversarial_block_gan_ensemble_paths_52,data/generated/adversarial_block_gan/ensemble_paths.csv,0,1259,1.1989096421947432,0.3130841121495327,3.366957124455784,0.49147597357127615,0.32087227414330216,0.16197998776612832,0.9143302180685359,0.0,1.3563558156217779,450
adversarial_block_gan_ensemble_paths,adversarial_block_gan_ensemble_paths_53,data/generated/adversarial_block_gan/ensemble_paths.csv,0,1259,0.8295957332835441,0.7850467289719626,1.7843415714285742,0.6285107408479963,0.08255451713395638,0.34060846069270057,0.9844236760124611,0.0,0.9341821922739534,11580
adversarial_block_gan_ensemble_paths,adversarial_block_gan_ensemble_paths_54,data/generated/adversarial_block_gan/ensemble_paths.csv,0,1259,0.8241502179064245,0.7897196261682243,2.4022470954730037,0.6868187936068253,0.03582554517133956,0.24167189860163066,0.9641744548286605,0.0,1.1778752331941917,455
adversarial_block_gan_ensemble_paths,adversarial_block_gan_ensemble_paths_55,data/generated/adversarial_block_gan/ensemble_paths.csv,0,1259,0.8977627415938113,0.6651090342679128,1.933326203208552,0.6303424360344574,0.0794392523364486,0.3434549566955562,0.9844236760124611,0.0,0.9073085889436229,450
adversarial_block_gan_ensemble_paths,adversarial_block_gan_ensemble_paths_56,data/generated/adversarial_block_gan/ensemble_paths.csv,0,1259,0.8727445892293162,0.6822429906542056,2.124930478171678,0.6315035352840787,0.0778816199376947,0.29354719837155724,0.9719626168224299,0.0,1.2052089684862928,500
adversarial_block_gan_ensemble_paths,adversarial_block_gan_ensemble_paths_57,data/generated/adversarial_block_gan/ensemble_paths.csv,0,1259,0.8296461708848658,0.7850467289719626,2.244052826456587,0.5467719668188444,0.14641744548286603,0.28850197280426476,0.9719626168224299,0.0,1.0879553991162474,270
adversarial_block_gan_ensemble_paths,adversarial_block_gan_ensemble_paths_58,data/generated/adversarial_block_gan/ensemble_paths.csv,0,1259,0.8457557520537333,0.7445482866043613,2.290490447322393,0.6026205525071768,0.102803738317757,0.26806392385472155,0.9688473520249221,0.0,1.1831294212753956,560
adversarial_block_gan_ensemble_paths,adversarial_block_gan_ensemble_paths_59,data/generated/adversarial_block_gan/ensemble_paths.csv,0,1259,0.7611066157952,0.8925233644859814,2.6376659545508914,0.6311222229054755,0.0794392523364486,0.2559942346975337,0.9688473520249221,0.0,0.9942804950411649,0
adversarial_block_gan_ensemble_paths,adversarial_block_gan_ensemble_paths_60,data/generated/adversarial_block_gan/ensemble_paths.csv,0,1259,1.0091908064892123,0.5420560747663551,3.6319230769230773,0.7071205893710465,0.03426791277258567,0.3393000607805817,0.9844236760124611,0.0,0.9618353989623428,520
adversarial_block_gan_ensemble_paths,adversarial_block_gan_ensemble_paths_61,data/generated/adversarial_block_gan/ensemble_paths.csv,0,1259,0.7121150489227812,0.940809968847352,2.2218823529411766,0.5762321793810741,0.11214953271028037,0.22937216950637757,0.9595015576323987,0.0,1.0869205045437185,315
adversarial_block_gan_ensemble_paths,adversarial_block_gan_ensemble_paths_62,data/generated/adversarial_block_gan/ensemble_paths.csv,0,1259,1.0124977778326876,0.5358255451713395,4.047,0.6717830856598564,0.045171339563862926,0.2856814003402573,0.9719626168224299,0.0,0.9633672815501585,495
adversarial_block_gan_ensemble_paths,adversarial_block_gan_ensemble_paths_63,data/generated/adversarial_block_gan/ensemble_paths.csv,0,1259,0.6189935597659577,0.9984423676012462,2.4046384613720115,0.5881035486941693,0.10747663551401869,0.29639966119580163,0.9719626168224299,0.0,0.9790095404193432,5750
adversarial_block_gan_ensemble_paths,adversarial_block_gan_ensemble_paths_64,data/generated/adversarial_block_gan/ensemble_paths.csv,0,1259,0.8156350620734936,0.7959501557632399,2.41679920561243,0.7209817507139873,0.03115264797507788,0.36105461769249725,0.9844236760124611,0.0,1.1322763318096285,275
adversarial_block_gan_ensemble_paths,adversarial_block_gan_ensemble_paths_65,data/generated/adversarial_block_gan/ensemble_paths.csv,0,1259,0.8957806310331582,0.6666666666666666,2.5660065435200017,0.5752941965624315,0.11214953271028037,0.23725158091358933,0.9626168224299065,0.0,1.0212800633187036,320
adversarial_block_gan_ensemble_paths,adversarial_block_gan_ensemble_paths_66,data/generated/adversarial_block_gan/ensemble_paths.csv,0,1259,0.8189907654903881,0.7912772585669782,1.9044705882352897,0.6303305579019974,0.0794392523364486,0.2779027280226934,0.9719626168224299,0.0,0.9177717021649711,520
adversarial_block_gan_ensemble_paths,adversarial_block_gan_ensemble_paths_67,data/generated/adversarial_block_gan/ensemble_paths.csv,0,1259,0.8844551522716498,0.67601246105919,2.5140766840082267,0.5922227733052731,0.1059190031152648,0.31369259757716755,0.9797507788161994,0.0,0.9399373879406296,375
adversarial_block_gan_ensemble_paths,adversarial_block_gan_ensemble_paths_68,data/generated/adversarial_block_gan/ensemble_paths.csv,0,1259,0.8294889467568379,0.7850467289719626,2.7913923076922877,0.6792158993374533,0.037383177570093455,0.3312847949404981,0.9828660436137072,0.0,0.9798777614448956,5555
adversarial_block_gan_ensemble_paths,adversarial_block_gan_ensemble_paths_69,data/generated/adversarial_block_gan/ensemble_paths.csv,0,1259,1.0810778197359168,0.4174454828660436,3.932688474760205,0.5585979196977398,0.12461059190031153,0.1948919141774672,0.9439252336448598,0.0,1.2756866358921446,640
adversarial_block_gan_ensemble_paths,adversarial_block_gan_ensemble_paths_70,data/generated/adversarial_block_gan/ensemble_paths.csv,0,1259,0.8584734605251791,0.705607476635514,1.9032403100775164,0.65696741279309,0.05451713395638629,0.3755627465843566,0.985981308411215,0.0,0.9027263045356783,11410
adversarial_block_gan_ensemble_paths,adversarial_block_gan_ensemble_paths_71,data/generated/adversarial_block_gan/ensemble_paths.csv,0,1259,0.8278755851763144,0.7866043613707165,2.945032389847154,0.6460756307221603,0.059190031152647975,0.3744350594284796,0.9844236760124611,0.0,1.20479741588143,545
adversarial_block_gan_ensemble_paths,adversarial_block_gan_ensemble_paths_72,data/generated/adversarial_block_gan/ensemble_paths.csv,0,1259,1.0132249494623742,0.5358255451713395,4.116179487179487,0.6857453060128892,0.03582554517133956,0.3238348794777906,0.9813084112149533,0.0,0.9175248865503975,1295
adversarial_block_gan_ensemble_paths,adversarial_block_gan_ensemble_paths_73,data/generated/adversarial_block_gan/ensemble_paths.csv,0,1259,1.117507274448506,0.37850467289719625,4.225584175405626,0.5134257688295767,0.2585669781931464,0.18758100683385756,0.9376947040498442,0.0,1.2965542628468705,625
adversarial_block_gan_ensemble_paths,adversarial_block_gan_ensemble_paths_74,data/generated/adversarial_block_gan/ensemble_paths.csv,0,1259,0.985256095062853,0.5747663551401869,3.666512820512821,0.7185866987009353,0.03115264797507788,0.32468598572807217,0.9813084112149533,0.0,0.820915844044393,1660
adversarial_block_gan_ensemble_paths,adversarial_block_gan_ensemble_paths_75,data/generated/adversarial_block_gan/ensemble_paths.csv,0,1259,0.8316780092424431,0.7819314641744548,2.2413310222367704,0.5863998624462744,0.10747663551401869,0.30725446832734843,0.9781931464174455,0.0,1.0412611462908679,10930
adversarial_block_gan_ensemble_paths,adversarial_block_gan_ensemble_paths_76,data/generated/adversarial_block_gan/ensemble_paths.csv,0,1259,0.8827845108071977,0.67601246105919,2.8721824265794305,0.5580932761276519,0.1261682242990654,0.2513319174616679,0.9688473520249221,0.0,1.0337548384206514,365
adversarial_block_gan_ensemble_paths,adversarial_block_gan_ensemble_paths_77,data/generated/adversarial_block_gan/ensemble_paths.csv,0,1259,0.7699089848873923,0.8753894080996885,2.5026442661948343,0.6556343571199048,0.056074766355140186,0.28725662969056287,0.9719626168224299,0.0,1.0181223581736216,35
adversarial_block_gan_ensemble_paths,adversarial_block_gan_ensemble_paths_78,data/generated/adversarial_block_gan/ensemble_paths.csv,0,1259,0.8881917234922132,0.6713395638629284,2.2660530703211417,0.6468082009204207,0.059190031152647975,0.28093025540040906,0.9719626168224299,0.0,0.921028011360546,525
adversarial_block_gan_ensemble_paths,adversarial_block_gan_ensemble_paths_79,data/generated/adversarial_block_gan/ensemble_paths.csv,0,1259,0.8224290665468885,0.7897196261682243,1.9842412877680284,0.6648965983114531,0.048286604361370715,0.33446713708744497,0.9828660436137072,0.0,0.9484861321053242,0
adversarial_block_gan_ensemble_paths,adversarial_block_gan_ensemble_paths_80,data/generated/adversarial_block_gan/ensemble_paths.csv,0,1259,0.8236994136597784,0.7897196261682243,2.784595959588922,0.5415662762965969,0.1588785046728972,0.20872336858492746,0.9548286604361371,0.0,1.00574734582282,10
adversarial_block_gan_ensemble_paths,adversarial_block_gan_ensemble_paths_81,data/generated/adversarial_block_gan/ensemble_paths.csv,0,1259,0.8452243647607168,0.7445482866043613,2.5914156801287533,0.5578744879859913,0.1261682242990654,0.2928692155778425,0.9719626168224299,0.0,1.0587370169022716,10825
adversarial_block_gan_ensemble_paths,adversarial_block_gan_ensemble_paths_82,data/generated/adversarial_block_gan/ensemble_paths.csv,0,1259,1.0327636048367042,0.5,3.3516095156068295,0.6406580112025664,0.06697819314641744,0.3082988781831609,0.9781931464174455,0.0,1.1800226485423957,530
adversarial_block_gan_ensemble_paths,adversarial_block_gan_ensemble_paths_83,data/generated/adversarial_block_gan/ensemble_paths.csv,0,1259,1.0556054354197075,0.46105919003115264,3.252011597258246,0.6528747929745836,0.056074766355140186,0.2877748633009038,0.9719626168224299,0.0,1.2692940379820765,265
adversarial_block_gan_ensemble_paths,adversarial_block_gan_ensemble_paths_84,data/generated/adversarial_block_gan/ensemble_paths.csv,0,1259,0.9854564585184477,0.5747663551401869,3.839461538461538,0.715820152322872,0.03115264797507788,0.32829763173534415,0.9828660436137072,0.0,0.8682725720761771,1585
adversarial_block_gan_ensemble_paths,adversarial_block_gan_ensemble_paths_85,data/generated/adversarial_block_gan/ensemble_paths.csv,0,1259,0.8158878639281687,0.7959501557632399,2.1544540330644026,0.6210219430836903,0.09034267912772585,0.31287283980714714,0.9797507788161994,0.0,0.9837514480966023,540
adversarial_block_gan_ensemble_paths,adversarial_block_gan_ensemble_paths_86,data/generated/adversarial_block_gan/ensemble_paths.csv,0,1259,0.9597623040098167,0.6137071651090342,3.701102564102564,0.7168582734266272,0.03115264797507788,0.3138834229164693,0.9797507788161994,0.0,0.9516071256307237,1575
adversarial_block_gan_ensemble_paths,adversarial_block_gan_ensemble_paths_87,data/generated/adversarial_block_gan/ensemble_paths.csv,0,1259,1.13643652765179,0.3629283489096573,3.617664772135515,0.5498911822671599,0.14485981308411214,0.2500911866813035,0.9672897196261683,0.0,1.1333563033766896,410
adversarial_block_gan_ensemble_paths,adversarial_block_gan_ensemble_paths_88,data/generated/adversarial_block_gan/ensemble_paths.csv,0,1259,0.816484689299381,0.7959501557632399,1.620891472868216,0.717485759219939,0.03115264797507788,0.43403167052018615,0.9875389408099688,0.0,0.9306426395429512,11590
adversarial_block_gan_ensemble_paths,adversarial_block_gan_ensemble_paths_89,data/generated/adversarial_block_gan/ensemble_paths.csv,0,1259,0.7396374573054306,0.9205607476635514,2.4846247376134714,0.6444501098008875,0.06074766355140187,0.29378944782367694,0.9719626168224299,0.0,0.9885784730758558,565
adversarial_block_gan_ensemble_paths,adversarial_block_gan_ensemble_paths_90,data/generated/adversarial_block_gan/ensemble_paths.csv,0,1259,0.9688639669552203,0.5965732087227414,3.3503582979956903,0.686844435528072,0.03582554517133956,0.3353005720805682,0.9828660436137072,0.0,1.2571176929395762,13160
adversarial_block_gan_ensemble_paths,adversarial_block_gan_ensemble_paths_91,data/generated/adversarial_block_gan/ensemble_paths.csv,0,1259,1.1922231945895645,0.32242990654205606,3.3478480702039177,0.583131906716784,0.10747663551401869,0.1942819382457946,0.9439252336448598,0.0,1.326770581776702,375
adversarial_block_gan_ensemble_paths,adversarial_block_gan_ensemble_paths_92,data/generated/adversarial_block_gan/ensemble_paths.csv,0,1259,0.8719825173833341,0.6869158878504673,2.4156475557834995,0.6648683608520553,0.048286604361370715,0.2880222426849378,0.9719626168224299,0.0,1.1823969999765183,495
adversarial_block_gan_ensemble_paths,adversarial_block_gan_ensemble_paths_93,data/generated/adversarial_block_gan/ensemble_paths.csv,0,1259,1.081923254451588,0.4174454828660436,3.973103992532701,0.5608776953133445,0.11993769470404984,0.31952772011025876,0.9813084112149533,0.0,1.1706585069709063,535
adversarial_block_gan_ensemble_paths,adversarial_block_gan_ensemble_paths_94,data/generated/adversarial_block_gan/ensemble_paths.csv,0,1259,0.8173078858811322,0.7959501557632399,2.4648568691327544,0.7163167102161602,0.03115264797507788,0.35323475906227775,0.9844236760124611,0.0,0.9507037491637496,515
adversarial_block_gan_ensemble_paths,adversarial_block_gan_ensemble_paths_95,data/generated/adversarial_block_gan/ensemble_paths.csv,0,1259,1.202979922673885,0.29906542056074764,3.348987155316228,0.5553695782416129,0.1261682242990654,0.23879357529198286,0.9626168224299065,0.0,1.360572223875923,390
adversarial_block_gan_ensemble_paths,adversarial_block_gan_ensemble_paths_96,data/generated/adversarial_block_gan/ensemble_paths.csv,0,1259,0.7558151158418475,0.8956386292834891,1.6851390687354562,0.6868534892448179,0.03582554517133956,0.3394611303435885,0.9844236760124611,0.0,0.9476336085502876,415
adversarial_block_gan_ensemble_paths,adversarial_block_gan_ensemble_paths_97,data/generated/adversarial_block_gan/ensemble_paths.csv,0,1259,1.0695700834399124,0.4392523364485981,3.3742340872045316,0.6282124993702083,0.08255451713395638,0.2977845339063428,0.9735202492211839,0.0,1.0761485037645029,12700
adversarial_block_gan_ensemble_paths,adversarial_block_gan_ensemble_paths_98,data/generated/adversarial_block_gan/ensemble_paths.csv,0,1259,1.1814175572020673,0.32710280373831774,3.348554299420153,0.5957504167464998,0.1043613707165109,0.23587796261857408,0.9610591900311527,0.0,1.3173144411989697,85
adversarial_block_gan_ensemble_paths,adversarial_block_gan_ensemble_paths_99,data/generated/adversarial_block_gan/ensemble_paths.csv,0,1259,0.8286418433802955,0.7866043613707165,2.8890771734758594,0.6705255709203736,0.045171339563862926,0.27700677053522926,0.9719626168224299,0.0,1.0161777894399349,405
adversarial_block_gan_ensemble_paths,adversarial_block_gan_ensemble_paths_100,data/generated/adversarial_block_gan/ensemble_paths.csv,0,1259,0.881105392122079,0.67601246105919,1.834254571428577,0.7132581872730585,0.03271028037383177,0.3597976408287662,0.9844236760124611,0.0,0.9229836635261203,70
adversarial_block_gan_ensemble_paths,adversarial_block_gan_ensemble_paths_101,data/generated/adversarial_block_gan/ensemble_paths.csv,0,1259,0.9959096271774582,0.557632398753894,3.8048717948717945,0.7466054530259862,0.021806853582554516,0.39690740056587337,0.985981308411215,0.0,0.9690723503517429,565
adversarial_block_gan_ensemble_paths,adversarial_block_gan_ensemble_paths_102,data/generated/adversarial_block_gan/ensemble_paths.csv,0,1259,0.8163084732810088,0.7959501557632399,2.5576682520306093,0.7442915541696862,0.021806853582554516,0.41267437346164215,0.985981308411215,0.0,0.9737358953880326,475
adversarial_block_gan_ensemble_paths,adversarial_block_gan_ensemble_paths_103,data/generated/adversarial_block_gan/ensemble_paths.csv,0,1259,0.7949851049895121,0.8271028037383178,3.237830052546111,0.6603610006651736,0.0529595015576324,0.23909327559676416,0.9626168224299065,0.0,0.993897971347168,505
adversarial_block_gan_ensemble_paths,adversarial_block_gan_ensemble_paths_104,data/generated/adversarial_block_gan/ensemble_paths.csv,0,1259,0.9352045020725881,0.632398753894081,3.866053125475,0.6255637160819104,0.08255451713395638,0.2599243665736045,0.9688473520249221,0.0,0.9543784161531892,6355
adversarial_block_gan_ensemble_paths,adversarial_block_gan_ensemble_paths_105,data/generated/adversarial_block_gan/ensemble_paths.csv,0,1259,0.897345025758511,0.6651090342679128,2.905538461538462,0.7804015345827822,0.014018691588785047,0.447429595500207,0.9890965732087228,0.0,0.9152838524958602,1750
adversarial_block_gan_ensemble_paths,adversarial_block_gan_ensemble_paths_106,data/generated/adversarial_block_gan/ensemble_paths.csv,0,1259,0.8382488542296335,0.7616822429906542,3.469669385522669,0.6951324119877402,0.03426791277258567,0.4003670011255972,0.985981308411215,0.0,1.125217646708757,290
adversarial_block_gan_ensemble_paths,adversarial_block_gan_ensemble_paths_107,data/generated/adversarial_block_gan/ensemble_paths.csv,0,1259,0.8630598746441004,0.6915887850467289,3.243867050489718,0.704029043274697,0.03426791277258567,0.388913442423619,0.985981308411215,0.0,1.0440353442963985,325
adversarial_block_gan_ensemble_paths,adversarial_block_gan_ensemble_paths_108,data/generated/adversarial_block_gan/ensemble_paths.csv,0,1259,0.8882672100962925,0.6713395638629284,3.357677860469934,0.6966970111181096,0.03426791277258567,0.4277142879818519,0.9875389408099688,0.0,1.031438355483638,580
adversarial_block_gan_ensemble_paths,adversarial_block_gan_ensemble_paths_109,data/generated/adversarial_block_gan/ensemble_paths.csv,0,1259,1.008245647876847,0.5420560747663551,2.6411492857142718,0.760631752698392,0.01557632398753894,0.3772509692410597,0.985981308411215,0.0,0.9956219594505401,270
adversarial_block_gan_ensemble_paths,adversarial_block_gan_ensemble_paths_110,data/generated/adversarial_block_gan/ensemble_paths.csv,0,1259,0.8746844870927547,0.6806853582554517,2.0482947058848278,0.7024113923063637,0.03426791277258567,0.3329259382173813,0.9828660436137072,0.0,0.9248034641860158,11730
adversarial_block_gan_ensemble_paths,adversarial_block_gan_ensemble_paths_111,data/generated/adversarial_block_gan/ensemble_paths.csv,0,1259,0.8731413865164842,0.6822429906542056,2.164693224333962,0.6739736227248554,0.04361370716510903,0.3396982094776317,0.9844236760124611,0.0,0.9608873184358402,610
adversarial_block_gan_ensemble_paths,adversarial_block_gan_ensemble_paths_112,data/generated/adversarial_block_gan/ensemble_paths.csv,0,1259,0.8346045530166972,0.7757009345794392,2.7129509365701736,0.5893166596956851,0.10747663551401869,0.2035143756026605,0.9532710280373832,0.0,1.046906946944411,475
adversarial_block_gan_ensemble_paths,adversarial_block_gan_ensemble_paths_113,data/generated/adversarial_block_gan/ensemble_paths.csv,0,1259,0.8749103526422983,0.6806853582554517,2.666920746679045,0.6370223161289471,0.07009345794392523,0.3536813097220974,0.9844236760124611,0.0,0.9730042500176048,495
adversarial_block_gan_ensemble_paths,adversarial_block_gan_ensemble_paths_114,data/generated/adversarial_block_gan/ensemble_paths.csv,0,1259,0.7410478201626366,0.9190031152647975,3.6714387017492935,0.5756222567092618,0.11214953271028037,0.2258231073084971,0.9595015576323987,0.0,0.9904608855144464,575
adversarial_block_gan_ensemble_paths,adversarial_block_gan_ensemble_paths_115,data/generated/adversarial_block_gan/ensemble_paths.csv,0,1259,0.8314028651098623,0.7819314641744548,2.0859875885918044,0.6764059069704058,0.04205607476635514,0.3363784961710049,0.9828660436137072,0.0,0.9225170327613927,520
adversarial_block_gan_ensemble_paths,adversarial_block_gan_ensemble_paths_116,data/generated/adversarial_block_gan/ensemble_paths.csv,0,1259,0.8618143844812401,0.6962616822429907,2.737349934059729,0.6386841770456875,0.06853582554517133,0.33926654140745116,0.9844236760124611,0.0,0.9520498803537989,380
adversarial_block_gan_ensemble_paths,adversarial_block_gan_ensemble_paths_117,data/generated/adversarial_block_gan/ensemble_paths.csv,0,1259,0.7811367066545213,0.8520249221183801,2.3535298192431826,0.6034567510646347,0.102803738317757,0.3124772699563875,0.9797507788161994,0.0,1.044109116924961,550
adversarial_block_gan_ensemble_paths,adversarial_block_gan_ensemble_paths_118,data/generated/adversarial_block_gan/ensemble_paths.csv,0,1259,0.8947868584975517,0.6697819314641744,4.272916902565724,0.6420417355568201,0.06542056074766354,0.30737763987441374,0.9781931464174455,0.0,1.050411378640571,375
adversarial_block_gan_ensemble_paths,adversarial_block_gan_ensemble_paths_119,data/generated/adversarial_block_gan/ensemble_paths.csv,0,1259,0.8604869666826872,0.6978193146417445,2.1992897290100384,0.7033015642014945,0.03426791277258567,0.3812676288128916,0.985981308411215,0.0,1.1662670701348399,610
adversarial_block_gan_ensemble_paths,adversarial_block_gan_ensemble_paths_120,data/generated/adversarial_block_gan/ensemble_paths.csv,0,1259,0.961754848221363,0.6090342679127726,4.040376522703186,0.7213088344335097,0.03115264797507788,0.3713204300248771,0.9844236760124611,0.0,0.9807191316329931,390
adversarial_block_gan_ensemble_paths,adversarial_block_gan_ensemble_paths_121,data/generated/adversarial_block_gan/ensemble_paths.csv,0,1259,0.8165123411594102,0.7959501557632399,2.558549301362797,0.6453971892977378,0.059190031152647975,0.32299288849697494,0.9813084112149533,0.0,0.8792348441921983,11640
adversarial_block_gan_ensemble_paths,adversarial_block_gan_ensemble_paths_122,data/generated/adversarial_block_gan/ensemble_paths.csv,0,1259,0.8905719019606794,0.6713395638629284,2.6557536665869805,0.6558799707646673,0.05451713395638629,0.39883876683496944,0.985981308411215,0.0,0.9381452727861485,420
adversarial_block_gan_ensemble_paths,adversarial_block_gan_ensemble_paths_123,data/generated/adversarial_block_gan/ensemble_paths.csv,0,1259,1.0175755837544094,0.5280373831775701,3.2333100279930735,0.8256985739070287,0.00778816199376947,0.4760686169690194,0.9906542056074766,0.0,0.9756083922257898,1760
adversarial_block_gan_ensemble_paths,adversarial_block_gan_ensemble_paths_124,data/generated/adversarial_block_gan/ensemble_paths.csv,0,1259,0.9661015352400099,0.5965732087227414,3.703392248687959,0.6053673679109033,0.102803738317757,0.1941386691701904,0.9439252336448598,0.0,1.2170295003345029,430
adversarial_block_gan_ensemble_paths,adversarial_block_gan_ensemble_paths_125,data/generated/adversarial_block_gan/ensemble_paths.csv,0,1259,0.8879870880868781,0.6713395638629284,2.7199426204757917,0.720960917659253,0.03115264797507788,0.3655670918154636,0.9844236760124611,0.0,0.9726162265872927,90
adversarial_block_gan_ensemble_paths,adversarial_block_gan_ensemble_paths_126,data/generated/adversarial_block_gan/ensemble_paths.csv,0,1259,0.8292562587687887,0.7850467289719626,3.282329061680758,0.6936849446112676,0.03426791277258567,0.4045438836938645,0.985981308411215,0.0,1.0442553857619687,435
adversarial_block_gan_ensemble_paths,adversarial_block_gan_ensemble_paths_127,data/generated/adversarial_block_gan/ensemble_paths.csv,0,1259,0.8351215669540345,0.7725856697819314,2.651292231627495,0.6348158178146749,0.07320872274143302,0.3301308178716709,0.9828660436137072,0.0,0.9347369011260418,555
hashimoto,hashimoto_0000,data/generated_by_teammates/hashimoto.csv,0,1259,1.1494979565389696,0.35514018691588783,4.481134308971685,8.024220667232477,0.0,1.1003752539139462,0.9984423676012462,0.0,0.8441362790443443,315
makieda,makieda_0000,data/generated_by_teammates/makieda.csv,0,1259,0.7414821373777009,0.9190031152647975,3.770282051282051,7.931714497759164,0.0,0.8390055590337029,0.9984423676012462,0.0,1.147998935451469,325
setsu1,setsu1_0000,data/generated_by_teammates/setsu1.csv,0,1259,1.4988865152393172,0.21651090342679127,5.527623115578263,8.022822289806673,0.0,1.2786660058340553,0.9984423676012462,0.0,1.3268802238869906,420
setsu2,setsu2_0000,data/generated_by_teammates/setsu2.csv,0,1259,2.7699929015626172,0.001557632398753894,12.184687488495978,8.611729052013374,0.0,2.332817909424019,1.0,0.0,0.9347996123912917,540
quantgan_5y_1260,quantgan_5y_1260_0000,data/generated/QuantGAN/quantgan_5y_1260.csv,0,1259,3.0076109747234825,0.001557632398753894,13.190909136198735,8.651910662674448,0.0,2.5757790668209646,1.0,0.0,0.9977335052738346,480
mcgan_5y_1260,mcgan_5y_1260_0000,data/generated/SigWGANandBeyond/MCGAN/mcgan_5y_1260.csv,0,1259,11.099665467961577,0.0,53.44017488728719,12.5359846823265,0.0,10.085132288914826,1.0,0.0,3.510612864666255,690
