label,window_id,DGS10_abs_acf_1,DGS10_abs_acf_20,DGS10_abs_acf_5,DGS10_abs_acf_63,DGS10_acf_1,DGS10_acf_20,DGS10_acf_5,DGS10_acf_63,DGS10_cumsum_max,DGS10_cumsum_min,DGS10_cumsum_range,DGS10_cumsum_terminal,DGS10_es_high_0.01,DGS10_es_high_0.05,DGS10_es_low_0.01,DGS10_es_low_0.05,DGS10_excess_kurtosis,DGS10_max,DGS10_max_drawdown,DGS10_max_drawup,DGS10_mean,DGS10_min,DGS10_positive_fraction,DGS10_q_0.001,DGS10_q_0.01,DGS10_q_0.05,DGS10_q_0.1,DGS10_q_0.5,DGS10_q_0.9,DGS10_q_0.95,DGS10_q_0.99,DGS10_q_0.999,DGS10_roll20_vol_acf1,DGS10_roll20_vol_mean,DGS10_roll20_vol_q05,DGS10_roll20_vol_q50,DGS10_roll20_vol_q95,DGS10_roll20_vol_std,DGS10_roll252_vol_acf1,DGS10_roll252_vol_mean,DGS10_roll252_vol_q05,DGS10_roll252_vol_q50,DGS10_roll252_vol_q95,DGS10_roll252_vol_std,DGS10_roll63_vol_acf1,DGS10_roll63_vol_mean,DGS10_roll63_vol_q05,DGS10_roll63_vol_q50,DGS10_roll63_vol_q95,DGS10_roll63_vol_std,DGS10_sign_switch_fraction,DGS10_skewness,DGS10_squared_acf_1,DGS10_squared_acf_20,DGS10_squared_acf_5,DGS10_squared_acf_63,DGS10_std,DGS10_tick_0.01_fraction,DGS10_zero_fraction,abs_corr,corr,crosscorr_DGS10_to_sp500_lag1,crosscorr_DGS10_to_sp500_lag20,crosscorr_DGS10_to_sp500_lag5,crosscorr_DGS10_to_sp500_lag63,crosscorr_sp500_to_DGS10_lag1,crosscorr_sp500_to_DGS10_lag20,crosscorr_sp500_to_DGS10_lag5,crosscorr_sp500_to_DGS10_lag63,downside_corr,lower_tail_dependence_0.01,lower_tail_dependence_0.05,roll20_corr_high_sp500_vol_mean,roll20_corr_low_sp500_vol_mean,roll20_corr_mean,roll20_corr_q05,roll20_corr_q50,roll20_corr_q95,roll20_corr_std,roll20_corr_vol_corr,roll252_corr_high_sp500_vol_mean,roll252_corr_low_sp500_vol_mean,roll252_corr_mean,roll252_corr_q05,roll252_corr_q50,roll252_corr_q95,roll252_corr_std,roll252_corr_vol_corr,roll63_corr_high_sp500_vol_mean,roll63_corr_low_sp500_vol_mean,roll63_corr_mean,roll63_corr_q05,roll63_corr_q50,roll63_corr_q95,roll63_corr_std,roll63_corr_vol_corr,sp500_abs_acf_1,sp500_abs_acf_20,sp500_abs_acf_5,sp500_abs_acf_63,sp500_acf_1,sp500_acf_20,sp500_acf_5,sp500_acf_63,sp500_cumsum_max,sp500_cumsum_min,sp500_cumsum_range,sp500_cumsum_terminal,sp500_es_high_0.01,sp500_es_high_0.05,sp500_es_low_0.01,sp500_es_low_0.05,sp500_excess_kurtosis,sp500_low_DGS10_high_tail_0.01,sp500_low_DGS10_high_tail_0.05,sp500_max,sp500_max_drawdown,sp500_max_drawup,sp500_mean,sp500_min,sp500_positive_fraction,sp500_q_0.001,sp500_q_0.01,sp500_q_0.05,sp500_q_0.1,sp500_q_0.5,sp500_q_0.9,sp500_q_0.95,sp500_q_0.99,sp500_q_0.999,sp500_roll20_vol_acf1,sp500_roll20_vol_mean,sp500_roll20_vol_q05,sp500_roll20_vol_q50,sp500_roll20_vol_q95,sp500_roll20_vol_std,sp500_roll252_vol_acf1,sp500_roll252_vol_mean,sp500_roll252_vol_q05,sp500_roll252_vol_q50,sp500_roll252_vol_q95,sp500_roll252_vol_std,sp500_roll63_vol_acf1,sp500_roll63_vol_mean,sp500_roll63_vol_q05,sp500_roll63_vol_q50,sp500_roll63_vol_q95,sp500_roll63_vol_std,sp500_sign_switch_fraction,sp500_skewness,sp500_squared_acf_1,sp500_squared_acf_20,sp500_squared_acf_5,sp500_squared_acf_63,sp500_std,sp500_tick_0.01_fraction,sp500_zero_fraction,spearman_corr,squared_corr,upper_tail_dependence_0.01,upper_tail_dependence_0.05,upside_corr
hashimoto_round001,hashimoto_round001_0000,-0.4027198149411167,0.517617349596074,-1.1317228959449797,0.7216763711765483,-1.2300324267407303,0.13635878569757648,0.4935761483012669,-1.80114877693176,-0.7028999999999984,0.03884554973822016,-1.4535736434108493,0.2413400843881856,-1.347049638554217,-1.4977630643819246,0.645499586645054,0.8341316531123512,0.639746711659023,-1.1933461538461538,0.9442999999999995,-0.6656249999999998,0.24134008438818588,0.0449666666666667,-0.9695937500000037,0.043673875000000126,0.921999145664246,1.0117500000000001,1.3490000000000002,-0.0,-2.0235,-1.3714833333333127,-1.305561717352454,-1.834254571428577,-0.1802935990525761,-1.4242208205281843,-2.154535614218347,-1.0713928489020994,-1.015839193214958,-0.32205085199934314,0.2608738250094524,-1.1913138953482592,-1.645966692014837,-0.8217378301971605,-0.742136364880203,0.33999543028626944,0.09781913498108351,-1.3398291403803295,-1.8986699460557308,-0.9258089884545608,-0.9756739156800116,-0.13155695566297898,1.125368983957219,-1.3405386472105725,-0.9836822139443877,-0.9590446538176456,-1.3228634374027048,1.1105391269963953,-1.1680907735232253,0.0,4.289128205128206,-0.7651160606491412,-0.20688623661991892,0.7005978443489705,0.7708578940182093,0.3643656492016882,-1.5316400567419703,0.5030561353311727,0.5334383912797017,0.0881065806731567,2.1001693737453406,-1.0431924621233353,-0.44966666666666666,-0.4215625000000001,-0.24980371836859822,-0.3082918143113613,-0.1890299597843835,-0.43098958227120543,-0.10690757780947012,-0.4741382701451063,-0.3719451961121263,-1.1679198042600802,-0.28304302904799117,-0.16636783751171494,-0.2707502667835515,-0.22715950461734563,-0.3000395020780735,-0.33846264404369414,-0.908233508028349,-1.278886171969345,-0.3020091918728927,-0.42845593125497083,-0.21206644556948342,-0.004225827887159837,-0.17641317435838813,-0.5038781504463641,-0.6364427446155565,-1.3377259241142034,-1.6126217091335198,-0.36290806937221287,-1.910373477860932,0.25264818472025485,-0.25224431033394246,-0.10799925634376376,0.034252971455397824,-0.003242950062814834,-0.816527256029078,-0.12811786552752275,-1.6334336330282624,-0.6036573061671532,-1.1813995685945635,-1.2338427922062873,0.6719417817301795,1.1348872182466865,-0.4216721261189524,1.349,0.24527272727272728,-0.4919488927278782,1.2685926938949714,-1.126820487267591,-0.6036573061671546,0.8861804512929508,-0.1893333333333327,0.514960241606767,1.3430900644844705,1.3271997040928873,1.3418465983738792,-0.2903572724983721,-1.8041956998331858,-1.7732456479315517,-1.2392659376984483,-1.2889335412663312,-4.481134308971685,-1.3150208632266487,-0.33646536066164107,-1.2667772131277686,-1.629639222462573,-0.8322898561461701,-1.9670006716232384,-1.1154107265900544,-0.946102358362573,-1.3302220849188078,-0.8686643903502455,-0.8449593128788235,-4.162752470148389,-1.3088056907690453,-0.3837755771066819,-1.2998928755662091,-0.6241040962131948,-0.7920197927380447,0.0,0.8385446427119071,-1.9439882521634582,-0.5124585230880566,-2.0310926456304172,-0.3063697296194079,-1.1248849289265646,-0.3597333333333333,-0.3597333333333333,-0.1080865560679858,1.1297829127942238,0.0,-0.21160784313725495,-1.204787109645836
makieda_round001,makieda_round001_0000,-0.6584705696385076,-0.8017609711638113,-1.2809838066364703,-1.1190831632629548,-1.4545072201243086,-0.16144129211821515,0.08785257074422534,0.29335431526436945,-0.390499999999999,-0.2648560209424074,-0.5437829457364334,0.10928607594936665,0.5461012048192772,0.16942347513929853,0.08777838967328624,-0.4222318903968955,-1.2135233704164783,0.46696153846153815,-0.04150769230769184,-0.30175000000000074,0.10928607594936725,0.2698000000000001,0.3372499999999992,0.33724999999999966,-0.09450491243058506,-0.6745000000000002,-0.44966666666666644,0.0,0.6744999999999995,0.4271833333333543,0.6250286225402398,0.19271428571428587,-0.8977728742177105,0.6491345976277869,1.5284146499219444,0.6453058737264055,0.14003270713205543,-0.16366635806708485,-1.9605798829573549,0.5470847483858327,1.4064268365754455,0.562799687004086,0.1521817735217624,-0.8676895512686601,-1.083699115796974,0.636889239654696,1.6822383719741487,0.6608060249497986,0.18023288874426813,-0.4200379199077314,1.2696470588235265,0.7906021083821372,-0.7573718771362254,-0.4929868311854003,-0.28705852693630557,-0.1511851323129673,0.451576416356729,0.0,-1.0031025641025642,-2.064865458605982,0.31447100553955876,0.03265865818298585,-1.3035897408405994,1.1376013669185951,-0.7481799451502236,0.91430025541755,0.09406422755817138,0.36923004622682,1.1731544788580737,0.2404198684263749,0.0,0.0,0.3945298144850357,-0.15903225739785196,0.1491800264746954,0.6080512632052979,0.1424524741924081,-0.09618845835236683,-0.3913578795806445,0.7267105255786558,0.5051366242815056,-8.338537697420545e-05,0.25661997133160813,0.2669919742384262,0.26072062634292814,0.343136298664752,0.10675567548114515,0.8465015839662287,0.4942693182440081,-0.14239809844459683,0.1549005569412954,0.7313306669326192,0.05295433021138031,0.11449459130817219,-0.3287186721440383,1.0955899938768852,0.6604530072276364,1.1432708860950265,0.28719177704617377,0.2987184419984396,0.1972478158665811,-0.5178648051032803,0.7291639457094412,-0.03713489046261952,0.44191620690004196,0.4857229183716532,-0.05831841552281117,0.309143627443918,0.8382167612384162,0.28509191548283697,-0.35076577804270714,-0.48952206102388096,0.7679476436789551,-0.6745,-0.49054545454545456,0.5545123811231891,0.6497699055274555,0.08552397247303387,0.3091436274439221,-0.23363079421456576,0.6626666666666688,-0.16758975912806104,-0.9538626006998399,-0.33321666766701674,-0.1361380824187806,0.517533429257801,-0.11412123747504532,-0.3731224381461909,0.6551145582462674,1.0147992405034427,0.5101125729487791,0.21613808949031862,-0.16345153365934575,0.00584763946431006,1.4948577367034477,0.3457740258463795,-0.15884899700523825,0.3542349245617085,0.20356299953950002,0.5937211204201454,0.15955804042840885,0.3065342355046622,0.33522197497695866,0.28247226412583964,0.13137542829904383,0.1021903337862438,0.297450732064105,0.42721416862788547,-0.6871310861423215,0.39991355865944483,0.2586437432512052,0.9769514594560508,-0.07383602996117457,-0.45589440215291455,0.3310234260923907,-0.3597333333333333,-0.3597333333333333,0.17578282995491673,-1.6573813980145111,0.6745,0.4232156862745098,0.3415936681003373
murayama_round001,murayama_round001_0000,1.2168209115435666,-1.2402644724141811,0.9250195043908286,-0.2953726481757638,0.6456148530743394,0.07984650845414247,1.0490101134292285,-0.38170502624310154,0.4260000000000002,-0.2789816753926701,0.6797286821705434,0.8059848101265822,3.6546772937905474,1.7366734601429383,-2.7462096197785457,-1.8076138237181596,5.319031618317239,4.3064230769230765,-0.9961846153846149,1.1448750000000012,0.8059848101265824,-1.573833333333333,1.6019374999999993,-3.7036794999999985,-2.6300025630072623,-0.6745000000000002,0.0,-0.0,0.6744999999999995,0.8768500000000207,1.4479427549195205,5.296173999999994,0.287176855387491,0.8964335848689023,0.004057608755399281,0.0414715984097604,2.4543791437744007,3.475613733374144,0.08525963392496531,1.232611640254155,0.5923039317961318,1.1296596058579975,2.088080489067752,3.0788924334080203,-0.06841582304078854,1.2155120172197766,0.5720996877497303,0.2373178819417166,2.159213711256371,3.1188306561420185,0.4039786096256666,1.284694102744027,0.5719467948057859,-1.776239318462584,-0.2505426622073866,-1.4025115080785615,1.3319698701202642,0.0,-1.1068717948717948,1.9328425312667772,-0.3444208813893276,1.8553029675327082,-1.8307506539477816,-0.11642981635681901,-0.1324014573375177,0.4794421940913028,0.6472657046703787,-0.18452383815928394,-0.6733490946872783,-1.775275824063723,-0.44966666666666666,-0.16862500000000008,-0.16852755989498283,0.08387819281152975,-0.2013231822198125,-0.6364035497338735,-0.15962526510803401,-0.2548536112521464,0.30544043284768985,-0.8580051840435735,-0.3909382577848351,-0.2678216968370457,-0.35398874059882984,-0.5033215364655654,-0.3841567956801568,-0.2899440519644122,-0.29433239952977763,-0.8997661364870844,-0.2542068855306924,0.03987090269712281,-0.28053729350837286,-0.2488185314055378,-0.2846578678951892,-0.3335244309046066,0.06282050927521295,-0.8792994558848445,-0.13803719447512167,-0.6215238306491144,-1.6188711593870349,0.47714050138889313,0.7793737107595814,0.7465127845988639,0.1265841964811459,0.5816546331905086,0.6126779551986535,-0.05731322178698597,1.0420441516059398,0.4379732308343653,0.26789383234676384,0.31392896577142054,0.14396175243216544,0.2732460735739869,-0.10013973842907771,2.6979999999999995,0.8584545454545455,0.3481908737648496,0.7886566530732035,0.9324578647613901,0.4379732308343666,0.4824378320935177,-0.7888888888888906,0.09404467034415731,0.24708790967051641,0.3460146158273889,-0.05510999050499067,-0.4210683742131538,0.41694019080463984,0.33821041089272735,0.6617723983611282,0.38564807986380345,-1.238080226083971,0.25969499053597456,1.0995256708344188,0.5672356572553816,-0.20377333834314637,-0.29282167505315926,-0.20487206060225063,0.13208294221383524,0.9082700355343704,0.2576019470192739,-0.10709264630539794,-0.32363208389517284,-0.7919025555394443,0.292662612267555,1.5608992578625613,0.7842631246129596,-0.11193897197909242,-0.3132693430077729,-0.8083895131086136,1.4242828075719192,-0.2723437812353664,-0.8594750436772197,-1.7424522489793177,1.3079280604318373,0.0988932569907936,-0.3597333333333333,-0.3597333333333333,-0.2196803986947237,0.8949757122264105,0.0,0.3174117647058824,-0.9856298214858353
murayama_round001,murayama_round001_0001,1.036028552708775,-1.3168667401239758,0.6785459208667539,-0.5565775401066155,1.1291834649645307,-0.7148209701929209,-0.6163041842053516,0.622622377065417,0.9158999999999993,0.9216989528795817,-0.3764651162790691,1.2021468354430382,1.9323581093605193,0.624233922006831,-1.630170093932471,-1.0027679055313306,2.2127060584494602,2.2310384615384606,1.2556076923076915,0.24849999999999953,1.2021468354430378,-0.5395999999999999,1.8127187500000017,-2.2734022499999984,-0.8805091841093554,-0.3372500000000003,0.0,-0.0,0.0,0.4271833333333543,1.064237924865867,2.890714285714286,0.4470803922402296,0.3849419055946637,-0.07791003734020291,-0.012906133049276187,1.236396697401444,2.018580947314746,0.07652573665061728,0.40577373959801283,0.08090092631977483,-0.10495375357137922,0.8614074231520377,1.5533524816399533,-0.16662435487112104,0.553235219046535,0.31126675613209404,0.11696352865459719,1.2647434685649717,1.7309547665644212,-0.05771122994652467,0.6235798607776822,0.8717371881761521,-1.5992012398009665,0.5182857330101823,-1.8717999619810364,0.6031905283972802,0.0,-0.5534358974358973,-0.40924810390518696,-0.17699283052071418,-0.3548486831590932,1.3863422914594823,0.385353258288139,0.3330104274834694,-0.7488467366763165,1.7975006584338928,0.3683271285760915,-1.0762712637816052,-1.6021620618463885,-0.44966666666666666,-0.5058750000000001,-0.03730119242539613,0.6466766972389366,0.014429376107864952,-0.5927568203588722,0.01500067126268194,-0.04436843718977641,0.3504474898921426,-1.1141955085677322,-0.12210882972005545,0.25345275812858187,-0.07333079278735669,-0.4244035377594468,0.059893463328173045,-0.056732624403037286,0.2765844380074827,-1.0917327510085126,0.04997162395257984,0.30669586628878764,-0.055367534601599995,-0.3537464096843861,-0.012903254855302231,-0.06034152101038564,0.3009875232725186,-1.2657252302245237,-0.5317830167920593,-0.17190346963138922,-1.2978402885204734,0.34609832009830827,0.3594873283406388,-0.6800132476923401,0.5135177154371008,-0.2217250605576413,-0.4547348558799456,-0.0759419885446926,-1.0046441748013166,-0.1984404867221868,0.06872785636505305,0.6548252199485911,-0.3525300936711503,-0.7818027963250481,-0.4180289280041012,2.6979999999999995,0.7358181818181818,-0.2683921394470965,-0.09428746698178599,-0.6428499132088661,-0.19844048672218706,0.13707049238398877,-0.6626666666666644,-0.14452033493918995,-1.0697877300216991,-0.9531701435464931,-1.042181586065475,-0.06031994790536142,1.62012490394167,1.5384839240763826,0.6488554374006071,-0.3286094048837576,-0.07928726944421097,1.1047363024880725,1.5178234570262792,1.4073493659281449,0.46861836999955003,0.012995398434253428,0.7323455488647627,0.8685703573433334,0.47377460471781235,1.7814329260707316,0.31455177229208137,0.48453142901966306,0.26128925775637374,1.037706128341807,1.2902666941558878,2.2709204956009867,0.1272866872999172,0.0957509879328481,-0.04041947565543118,0.04479399923370349,-0.9381612947723771,-0.01419707014715264,-1.3944814889105475,0.08139653179076535,0.7515772921153084,-0.3597333333333333,-0.3597333333333333,0.056178943687513215,0.5665407586816198,0.0,0.0,-0.7648177449489584
murayama_round001,murayama_round001_0002,0.9547389009232037,1.5968063876578915,1.2877449117520885,1.7455677574249142,0.03351194620334197,-1.45356058519911,-0.8839924251486788,-0.5455005957273679,0.41179999999999894,-1.2465890052356026,2.0914728682170516,-1.2886649789029554,4.312799258572753,3.484005455003515,-3.2854197277715937,-4.029975850969832,3.0405190968118023,6.693115384615383,-2.6564923076923055,0.26624999999999877,-1.2886649789029534,-1.4838999999999996,1.0539062500000005,-3.878374999999998,-3.552001708671508,-3.0352500000000004,-2.2483333333333326,0.0,2.697999999999999,3.125183333333354,3.137209302325629,9.729951571428488,0.7190541373708635,2.693264238234529,0.21917660519452023,1.0577781001984605,2.9830336290852344,5.296235491092381,0.18900910109460978,2.5455000381370736,0.8304115431492933,1.6390546658271956,3.143915982395017,5.212114832768156,0.19250438876729994,2.7104799016530428,0.7206346986736953,2.2282027163524796,3.3715919548189666,5.107353643953349,0.8079572192513372,1.4990472883600978,-0.12240908280324896,-0.31845060569331,0.14338953925345535,-0.0823357633248009,2.903421879656304,0.0,-0.8993333333333331,0.2984965837206763,-0.23019615069005508,-0.14418493045644137,1.8089258975536955,-0.03121353801111702,-0.6740079126913748,-0.19273803030517606,0.6874118667855552,0.6732818134604001,3.465295579217089,-1.34929948303726,-0.44966666666666666,-0.3372500000000001,-0.13010090284503165,0.09159787868684027,-0.23733970950483807,-0.48239724734632095,-0.1942695495649132,-0.34476743465839294,0.03364193377840318,-0.5442931336415289,-0.1834279552131326,-0.3206851689506371,-0.3479970889336584,-0.5460977106939323,-0.308912541707716,-0.3485350561624106,-0.2868518671375983,0.24190259931318214,-0.20443844921894488,-0.1672763839207111,-0.30722050611491564,-0.11823359580455829,-0.3449086927688148,-0.36187343566143504,-0.14372817296209237,-0.312906689775701,-0.1295681000456912,-0.18218226044501357,-0.36764640931578346,0.8568986754945024,1.2942408841436637,0.875299404951979,0.9954122498070131,-0.5080124676676451,2.627120856744358,0.36841712828857437,4.351700448865098,1.839367355447147,1.399313636340179,0.8940825393779697,-0.5429392092311534,-0.6472581182022694,2.2477061672904655,2.0235,0.7358181818181818,2.1975804596425004,0.7645208536076735,3.479854671696198,1.8393673554471528,-0.6986822529224228,0.6311111111111134,-0.41159195374387114,-0.6749180109608516,-0.32694095094163467,-0.6133139177684332,1.5560204037334495,1.3304159466196857,0.9040639286531567,0.6511445190898233,1.4880073893521513,-0.7740196123432524,1.0426352998708988,1.664285352427389,1.2063172666298791,1.6926270975074322,0.41462937782223797,-0.0433691177937427,0.9126377341742717,1.3370142886421745,0.6660810794819947,0.684040371481321,0.9061151640816305,-0.45748373816653864,1.052246416010006,1.8830461501155784,0.9213492979660681,0.5022899319452461,0.4652815998013812,-0.4446142322097373,1.5405689317193167,-0.8464997793204275,-0.5497023644959034,-0.919751152228738,-0.2187662782614598,0.8878756583744083,-0.3597333333333333,-0.3597333333333333,-0.18973242612517743,-0.8710443022115751,0.0,-0.21160784313725495,-0.2893785217740596
murayama_round001,murayama_round001_0003,0.7799283177370164,-0.7763366831526354,-0.5430954203658562,-0.8133750093242426,0.22009660670224243,0.2796134307934228,0.3520275503107701,-0.5435642526137898,12.488899999999987,0.06709685863874389,17.934379844961217,8.75654683544304,6.956289156626508,6.742606444386844,-4.008247895795495,-5.223585264564736,-0.0884084811895042,5.136576923076921,0.6952538461538468,15.788625000000009,8.756546835443036,-1.8436333333333332,4.257781250000005,-5.308652249999999,-4.148996155489108,-4.384250000000001,-3.597333333333333,7.406784497375918,7.4194999999999975,7.172183333333354,8.10606618962443,8.094,0.04559146224698658,5.639738699925551,2.806960866408302,5.649451418527817,4.082613884543071,5.022018366369243,-0.1728335110581824,5.159509265535357,3.720251793574376,5.726151178817221,3.555033873852174,3.146684913507254,0.053827777863706745,5.526340342626403,3.0507602698389498,5.932192230190447,4.2001154149384945,4.556655976394598,0.08656684491978499,1.296838449799885,0.7669507545763631,-1.4950180673172286,-0.9141784277401241,-1.7162039380846985,5.097800688986549,0.0,-2.282923076923077,0.351213104081149,-0.4453036918201539,1.435394437058507,0.04022119720040031,0.5440457279500366,1.152042623318663,-0.4444979365960549,-1.9994495570686237,-1.2379791381690328,-0.5674962631201221,-1.3436694064332781,-0.44966666666666666,-0.4215625000000001,-0.2548972253884987,-0.636796798537747,-0.48634239419378283,-0.8367015273824902,-0.43099064535049525,-0.6518884401037103,-0.42241563153533185,-0.5780918473009882,-0.40288851089398947,-0.6453686534531539,-0.4878933907572246,-0.5306777500631461,-0.4970495851140909,-0.5698718193455307,-0.9250949274523725,0.23556390211298175,-0.28890642770051744,-0.8742552516241492,-0.4963799256651468,-0.3838707250907528,-0.4915229209496062,-0.7339434445853953,-0.7116645194629221,-0.264789178438536,-0.3685635345580917,-0.27237027807775305,-1.309293006036122,-0.7658618182559711,0.3438698660353675,0.753628998408636,0.4503824203212597,0.3018340112580488,-0.8067106666753381,-2.0013756038128157,1.03740942949695,-2.487390957572191,1.0753069066775394,1.4067775275327576,-0.34700367148134864,-1.1045163879193276,-0.47387231858676404,2.0235,0.49054545454545456,0.32839096258465633,-2.40348385776295,-0.01800332669879046,-2.487390957572195,0.21445873184555456,-1.3884444444444441,-0.18595103150487263,-1.0498924103461442,-2.1053344372120377,-2.694404934213149,-1.1624766659431298,1.8701878807189947,1.8711119466551385,1.4793015730779304,0.6663876015132574,-1.0268893082773607,2.067791343717965,3.5154636474637635,3.1071393741779207,1.3123390157552182,-0.028507857188867683,-0.7303915435441599,1.4494311575558334,3.470355762366479,2.014189901156276,0.329734269165496,-0.24009548151903518,-0.6218681293628722,1.9339476719634627,4.0938728406744564,2.961381967703508,0.3088858212375591,-0.0586047583747729,-0.08083895131086094,0.7729640223275286,-0.24534639121585758,-0.16509207093401185,-1.0435964573890224,-0.5654632493922577,1.3868847427514193,0.0,0.0,-0.4075175284662168,-0.1721162473843661,0.0,-0.21160784313725495,-0.6300428908293584
murayama_round001,murayama_round001_0004,1.0562219734318619,-1.780726133420558,0.8598728406553925,-0.9248042696366702,1.1959170847291154,-0.5709797437908248,-1.4847553229801425,0.21400476885481887,1.050799999999999,-1.3030916230366485,3.1162945736434073,0.8606278481012656,4.381812048192771,3.7966581351877435,-3.97176313655034,-4.168176545546795,1.7250231965800638,4.617730769230768,-0.8820384615384599,3.212750000000001,0.860627848101266,-1.8885999999999994,2.023500000000001,-6.758321374999996,-4.37949594190517,-2.360750000000001,-1.7986666666666664,0.0,2.697999999999999,3.574850000000021,4.244885509839042,6.724186857142823,0.12503308253301887,3.132250748228795,1.9483174613151928,2.1626805569868526,3.2021243662270122,4.564376117143139,-0.6580421460830727,3.4714050491921995,3.1880229702447855,3.400407660706833,2.525132824641482,1.4011346384621646,-0.5880723404511914,3.3534176062413508,2.236929557313273,3.232425472700116,2.9049025054026787,3.2205883654467047,-0.17313368983957197,0.07305987929108891,0.8607364909001676,-1.864022371753341,1.0383156380810863,-0.5858851285251232,3.0747576524606117,0.0,-1.2798205128205127,1.7633364548032244,-0.31997313583603204,-0.051673244841874216,0.6385602868063212,-0.08116930453493108,-0.5429556763413917,-0.003572594825583004,-0.05303780739358117,-0.2141711751505888,0.8933671492063417,0.02738154654787427,-0.44966666666666666,-0.16862500000000008,-0.08670368309001036,-0.5153084589442838,-0.4581098159220732,-0.9202135786278642,-0.5361686952998633,-0.142099058445042,0.7696989307427857,0.410376100567203,-0.008778844064904898,-0.971577432358238,-0.3610000032141921,-0.9139653834119648,-0.303656315539685,-0.06259409996266806,1.219632829970252,0.2868541387526447,0.060543845971485856,-0.9737863094658938,-0.45659937288845903,-0.6105522930999402,-0.7232483010911599,0.2073025607092032,1.3145668905759071,0.5457488551031703,1.5169127038959627,0.20078385042698224,0.94726248726151,-1.120202380992703,0.6335794110433223,-0.9502675482997839,0.7493750846238385,0.06923511365552819,0.5153393707803271,0.15528495259942668,0.5520462116314525,0.15145474764898542,2.7350024874980003,2.398538161151883,-1.1758433509778314,-1.7273268979420304,1.585834425734442,0.0,1.2263636363636365,1.9018698345731093,-0.9643952801334603,0.5553132081608435,0.15145474764898578,-1.4815685441020192,-0.9151111111111124,-1.0435715664375624,-1.8828195332481963,-1.9074006952914409,-1.866893983036646,-0.33088126763620573,2.3191381553052324,1.896288432200159,2.1481019273700985,3.9812038085003456,0.6177062493786389,2.139438580811432,2.14298619841617,2.3080363834680466,1.9582721064380304,1.1666620186243082,0.07035688463423341,2.1559051227242985,3.0400762590334134,2.1969348422422654,1.4560194234483173,1.4955215188643987,0.29264494929054846,2.199087855503834,3.04171104350929,2.6297276085672054,1.220727227841672,1.1776322519969364,-0.8690187265917604,1.06626275301096,4.398932370260975,0.0758040576464399,1.139145568957671,-1.0458704212257142,1.9860985741192068,-0.3597333333333333,-0.3597333333333333,-0.4550491608849841,-0.7358723194062871,0.0,0.21160784313725486,0.08352268595066599
murayama_round001,murayama_round001_0005,-0.006492088262169699,-1.385230491125592,-1.0696372615317682,-0.6075048619565472,0.7648537092888436,-0.3280180118411047,0.3751020211011362,-0.3657985257219348,0.18460000000000104,-0.42730104712041844,0.5437829457364352,-0.405269198312236,1.1962216867469884,0.7848930673400131,-1.0157213662194629,-1.02180661728892,-0.16075030417503938,2.4385769230769223,-0.3528153846153837,1.0295000000000012,-0.40526919831223596,-0.31476666666666664,1.6019374999999993,-1.7990601249999996,-0.7860042716787696,-1.0117500000000001,-1.349,0.0,1.348999999999999,0.8768500000000207,1.1076762075134137,1.5347765714285604,-0.4077108198223567,1.1071855555983319,1.9092253608487944,0.7983548961436711,0.791639778718826,0.8243675211277363,-1.921865237957139,0.9042707844730737,1.7615817573733412,1.0219206770756628,0.39865180463322847,-0.5185602989542846,-0.7874631000036143,1.115136575919145,2.104930482558629,0.7957778232103623,0.9396022841649739,0.22379498652635726,-0.28855614973262134,0.7157436088819417,-0.041942978016929755,-1.5448606673311711,-0.09639287906947794,-0.7563992500107796,0.9528252149445449,0.0,-1.4873589743589741,0.05336388376545006,-0.6146376871957143,1.4180496294178868,0.9090096236340314,0.40044478041126913,0.3282528839196995,-1.01041809949289,-0.6278551683941425,0.0006406519737810676,1.5173561014174726,-1.2787609439289869,-0.44966666666666666,-0.5058750000000001,-0.4811043227969946,-0.8852582131366878,-0.6440085905049339,-0.7587873553935066,-0.5935202916034085,-0.889405680151917,-0.8704875535112572,-1.2278555375380003,-0.5574426484124919,-0.8804646149580523,-0.5804038612770605,-0.632155207063011,-0.6164893366723733,-0.6079689237934085,-1.0047318495343982,-0.23882778834056606,-0.6034201158346041,-1.116691198686964,-0.6238987407280991,-0.33607464061136433,-0.6382590950900592,-0.8531332175042544,-0.9829048530445402,-1.0821711640906724,-1.5205552860069371,-1.0945403198611703,-2.111653944240506,-0.5628589872567217,0.7614204603180611,1.870098567637085,0.5413001346667289,-0.6621620715063505,1.850304078499031,0.3047265302877778,2.9331780681921282,1.4527569522826955,-0.6429869690198123,-0.2565115146483563,0.26357839580198456,0.18726097624965754,-0.6926210579226489,0.0,0.8584545454545455,-0.10130605084933926,1.1971887907996992,2.3880375588182288,1.452756952282701,0.627858306765852,0.3155555555555545,0.2945693281900564,0.18243554772542636,-0.031613847000382875,-0.3648023043349903,1.0359804645105275,0.8466743013513769,0.22666554578046755,-0.2748728733405563,-1.2077131603179145,-3.5057330041961547,0.3197579166045439,2.2672695998143646,0.8602403845880185,-0.6450896216771652,-0.6273192657347246,-9.720730669216591,0.054360167516757776,1.7269562855674416,0.3395706442079505,-0.4611841121600117,-0.9681573998758191,-4.624528009457415,0.262791090179658,2.4258313625238834,0.9685832677861305,-0.32269459007533624,-0.709642718882801,-0.3435655430711608,0.2808473641659781,-1.4357876832534673,-1.4887401622280507,-1.8560885881687,-0.8103704447576614,0.03779990234930478,-0.3597333333333333,-0.3597333333333333,-0.6485264053961655,0.1968413745826573,0.0,-0.3174117647058824,-0.8876182894045631
murayama_round001,murayama_round001_0006,0.33895075286482246,-0.4607973548783594,-0.8754640089805806,-0.2713844355933397,-1.1991008729112307,-0.5370986866476837,0.7118746443304582,0.40773808773249964,-0.8235999999999991,-1.889306282722515,1.223511627906979,-1.2249147679324928,2.058381464318814,1.2338827957245062,-3.6365332864647404,-2.2254541877359415,1.5740185044901784,1.9197307692307688,-1.7952076923076943,-0.47037500000000354,-1.224914767932489,-1.1241666666666665,0.8852812500000009,-4.840380624999998,-2.3995027765912007,-1.0117500000000001,-0.8993333333333329,-0.0,1.348999999999999,1.3265166666666872,1.6892665474061075,2.3555467142857056,-0.006798651745857507,1.5488460802265998,1.2601404751393348,0.964282850537441,1.9584183078245265,2.346498653087747,-0.1369823608975143,1.4013331016760266,1.5804821123887591,1.056387846594864,1.896387682808458,1.542021618597116,0.025655351919223576,1.5827596259119967,1.9123520967136953,0.8876366630737041,2.0257832900087136,2.12846556613992,0.3174117647058816,-1.420039442844195,-0.041437303573309235,0.8202757432269435,-0.7619124249896528,-0.4968725745051486,1.6299918844476144,0.0,-1.0031025641025642,-0.4992225672708641,0.2655836271651315,2.496563266820787,-1.927257415012316,-0.644021500166519,-1.1096705309819925,1.0051827561455244,0.45718171476530545,0.13427718823980805,3.5448323639844226,0.11865630877056124,-0.44966666666666666,0.16862499999999994,0.8296749607883841,-0.16482230375212056,0.307566099188503,-0.3931943373083012,0.3770422800443834,0.5478925800313362,1.6032487946088332,0.9236088350481191,0.8392017288033307,0.3675125129347685,0.4106726994993212,-0.1464646564895357,0.4466417139188323,0.8043409356704025,1.7211192021782193,0.2758670537352992,0.7330385967269563,-0.3290820175149853,0.36415120888187713,-0.32932806616108995,0.402202682672897,0.7247378503704693,1.8893838216470928,0.8805480549515506,-0.5308108749378317,-0.647128982697361,-1.4275280532360473,-0.5167447295751014,1.059237286471782,-0.002760732239378488,0.7514143065360167,-0.45181731303104433,1.5115970704763613,0.4454446276781709,2.0761634240976994,1.0734242383063926,1.6700688087361744,2.113813826887019,-0.523773618293245,-1.550659956953851,-0.426371150299799,0.0,-0.49054545454545456,0.7708186299544797,-0.45829366513740555,1.7284052067608664,1.0734242383064003,-0.030708820403825717,-0.0631111111111109,-0.4171327508318239,-1.4639974147805142,-2.560954212700352,-3.265869702941856,1.1273388322118514,3.7873542256292976,3.260174801037404,2.2094138205023124,1.6025818781368266,-1.2283903548554151,2.811724449726847,3.833424827226358,4.202540589952992,1.731488826865206,0.16716215464674872,-5.070092807133929,2.152876618685756,5.129891691001874,3.486411134352468,0.529439788466463,-0.6415798527136022,-1.081275602805465,2.7223363905600215,4.045559651293975,4.042752451552847,0.3186169845671892,0.0235765313733564,-1.273213483146068,0.7377392281524244,-1.0052230397066932,-0.9128851564465665,-1.0588747590981562,-0.30865752910159816,1.9792679553438608,-0.3597333333333333,-0.3597333333333333,0.394656526353426,-0.4864952831807011,0.6745,0.5290196078431373,0.16256117160577446
murayama_round001,murayama_round001_0007,0.22215577673814027,-0.6330385280907527,-0.8670377057634655,-0.4747731331779062,-0.12142774960953981,-0.6257408265874135,-0.20941008204202222,0.24745652083394484,1.2141000000000008,0.6109345549738252,0.5228682170542619,-0.04098227848101131,0.40607525486561685,0.4774464572484393,-0.1191278145566042,-0.3508650755334471,-0.9694395689493143,0.46696153846153815,-1.0999538461538438,0.1952500000000022,-0.04098227848101277,0.0899333333333334,0.0,-0.24990224999999985,-0.4609995728321235,-0.3372500000000003,0.0,0.0,0.6744999999999995,0.8768500000000207,0.4826475849731733,-0.24262728571428818,-0.022867500402497062,0.43571368078301803,0.47598143013893635,0.526686274503035,0.09816008143125717,0.2759056079486928,0.07551278718321479,0.5033735262065496,0.9763331997802295,0.3345633913092406,0.37258609866026476,0.055573940484996566,-0.20492931295996428,0.46375899902032314,0.5992768763247036,0.4663618704117352,0.48727540189625496,0.09197589480328787,0.8945240641711202,0.7247386022908293,1.100696785901289,0.007512303665672553,0.4164159038614619,-0.20472276311428703,0.3627884901296602,0.0,-1.0376923076923077,0.49090473233617327,0.6704617780044151,1.6168069755118444,-2.5868792638694775,0.5405472330968808,-0.288240492213637,0.6781361812751951,1.8767357009966392,-0.9883052337965165,0.7050411438247065,-0.19568545751655386,0.44966666666666666,0.9274375,0.7738201975230085,0.581075325675915,0.5970501315540068,0.3922293141550116,0.6216029620435434,0.5892015226013267,1.0238925919601514,0.3898690953227728,0.8568760837124673,0.4390994159116159,0.512868066498475,0.533037421562689,0.42777165532410133,0.7883469518072785,0.5388653493809233,0.8075961696344014,0.8923398106409988,0.4869495434299758,0.5516859791985955,0.9115238774838956,0.39427104006857544,0.805958533977777,0.7579559915698113,0.6010681479507756,0.24696439118470193,0.4889502658303978,0.4701289310442702,2.1265318054272706,0.006776922779867224,-0.7731422340908813,0.14627573084361953,2.363353111315919,-1.1550813447144932,-2.3987557371849793,0.9233568494700163,-2.046961070174999,0.941568847442057,0.7695883631949206,-0.40778401148801907,-0.8957940993761583,0.2589264372332028,0.6745,-0.49054545454545456,0.8664632841123568,-2.307591852418252,-1.5094322940787586,-2.0469610701750014,-0.14569713071200852,-1.3568888888888888,-0.4030133863217087,-1.0350939504667158,-1.2949362852368476,-1.489734985518115,-1.539622747992186,0.8646262440724989,0.6090977332248484,0.6984228601322776,1.5578590669423573,0.43479595784651837,1.0892194422135937,0.9168088451734482,1.2286140692028187,1.0652230496636166,0.30311401114879744,0.8957942505714054,0.7219071010407282,0.9521877995272302,0.6036729791681703,0.65986279458225,0.8335147447137693,0.5272769973554421,1.044356421188476,1.3834862477434164,0.9699440277929614,0.516035187790209,0.4020377081495313,0.10104868913857652,0.7474519781453209,0.3451752301089266,0.5862798702723736,0.8206573932728348,1.3446534176548637,0.8663479657422204,-0.3597333333333333,-0.3597333333333333,0.6589131948904283,0.1434779297408633,0.6745,0.7406274509803922,0.6647887512704228
murayama_round001,murayama_round001_0008,0.1974974748506261,0.3867279793945623,1.1710554878526152,0.8082378476888139,-1.0517412666593478,-1.7312743986463337,-0.3990180327725364,-0.4025327448082363,-0.29819999999999974,-1.2324633507853389,1.0248217054263542,-1.3933974683544308,0.9101686746987961,0.9387484247713501,-1.9356030620813562,-1.9961309855308627,-0.019358013319747527,0.46696153846153815,-1.598046153846151,0.3993750000000007,-1.39339746835443,-0.8543666666666666,0.5901874999999986,-3.660005624999998,-1.6134985049124309,-1.3490000000000004,-0.8993333333333329,-0.0,1.348999999999999,1.3265166666666872,1.1076762075134137,1.0564597142857084,0.7409605899534072,1.2712257204169186,0.8608712952265124,1.0357000593523682,1.851047289017964,1.899353052089115,0.33378341098125436,1.4733791269904937,1.643314223103722,0.7075990312301361,1.8783407728539094,2.342412272781439,0.5300030337349432,1.2946181915243913,1.4070064476040833,0.9059904517700018,2.0283374206969875,1.9361536639398034,0.6925347593582879,-0.7290035899867182,-0.05174836136051685,0.6544327069955919,1.6463928099359242,2.4009815301665194,1.216724932860092,0.0,-1.4527692307692306,1.0595106645605576,1.0623291845310634,1.5253026028117191,0.9000128951884773,0.5007837221133524,-1.8961506936008001,0.538663365739145,-2.7641853993941337,-1.0399728213444763,0.21719950411316938,0.08282243984418632,0.8993333333333333,1.0117500000000001,0.6952790645173684,1.031893644663443,1.2081063992649932,1.729200214844488,1.2518839109884474,0.8886627231270591,0.34582411962458204,-0.4130077837958393,0.7067409788904042,1.5765227600169367,1.0748003988690717,1.3724354827232903,1.1444357095202475,1.077759467050515,-0.4096923900744177,-1.6672088672519358,0.6987815493569772,1.1431663310963585,1.174956822629913,1.9454542611228316,1.082532008362141,0.9921069145129705,0.1711935885983654,-0.7482383191606934,0.7478262557411961,0.9038206012234848,0.9485349819926924,1.1404870105082452,-0.11259719889837981,0.9999343383502505,2.05085679158675,0.4382241441468207,-0.8403947300738519,-4.201977464144368,4.087155715652174,-3.2412203884939994,3.4148387822613535,3.604819761841887,-2.4085205788821087,-3.826443330677837,1.5368417689393818,-0.6745,-0.6131818181818183,1.9458130565116014,-4.967619514342644,-0.9405176322106414,-3.2412203884940123,-3.143139567835636,-1.6093333333333324,-2.1522826054961195,-4.289247765759965,-4.102733002507814,-4.383870580631775,-1.5864731929672238,4.380172886248195,4.568323037707545,3.926141238261459,3.7024622557663043,0.62129969875165,4.157995108895369,2.5319209054243146,4.2818035985390255,6.2730817029410755,2.0195259273796924,0.48115063253227414,3.844205183400625,4.373542580791299,3.869186881694623,2.8002152576950827,2.9630420326290947,0.4907834521390556,4.138471233767579,2.0883579858921637,4.562940529898966,1.762611782569274,2.0782032353673445,0.36377528089887634,-1.0530222491167511,-0.21627336813540252,0.5303832370692967,0.3734157497399944,0.4978351440231648,3.6324111820884246,-0.3597333333333333,-0.3597333333333333,1.256338751710803,-0.16702696095031283,0.6745,1.1638431372549018,-0.9476441744785734
murayama_round001,murayama_round001_0009,-0.6017564789074041,-1.3079066967106574,-1.4025922856200035,0.10535407742926486,-1.6392741397774042,-0.1400044176176358,0.2193161345797672,0.11843480807358908,-0.7880999999999991,-0.9923272251308893,-0.05228682170542656,-1.247682700421942,-0.8581590361445791,-0.851303688044246,0.33636088815982085,0.20885065251343887,-1.396683231951484,-0.985807692307692,-0.5292230769230758,-1.2868749999999998,-1.2476827004219408,0.2698000000000001,-0.6323437500000015,0.42459774999999944,0.23049978641606111,0.0,0.0,-0.0,0.0,-0.4721499999999792,-0.5815903398926938,-1.7344285714285712,-1.6715160836478757,-0.23970558421835086,0.4908865461152229,-0.07956239821364487,-0.543740906289691,-0.7810718810674827,-1.5288802469309526,-0.2632595987534524,0.7527183738831505,-0.31936867763430055,-0.3147125074825059,-1.0054143585776327,-1.8050458300423915,-0.2561508154004876,0.8145624090263442,-0.1452261297445302,-0.5767652862944657,-1.014492593905368,0.8368128342245955,0.012875324156953099,-0.6884275201666777,-1.376813582096049,-0.8686964510409886,0.9768199003771055,-0.3120786695397324,0.0,-0.24212820512820485,0.13708445437992328,1.1604550526194726,0.7750011224246084,2.362688833428937,0.1156170049835149,0.5758123554028479,0.11516471713149397,-1.8480062169094509,-0.34446304889819596,0.4757029087631543,0.1758745296404201,0.44966666666666666,1.0960625000000002,1.1262103886914536,0.6013109690857947,1.100808634210368,0.9950134150439806,1.1897714401585144,0.8842642277036525,0.870245369327537,0.8148114393723771,1.199491455304577,1.2862555719013082,1.0884877092281195,1.0956274928734913,1.189885862305311,1.1824047414519416,0.4166514228433352,0.5006251929974974,1.2238704158890499,1.0201792689025373,1.1013485130572889,1.0314313027048774,1.2272157096960503,0.9278186528395106,0.9456635259694358,0.6928123345453593,-0.5827972151220954,-0.9389573584305769,-0.9180488778341345,0.021862587311715,0.09195811991558164,1.134897921470509,0.23185408174260463,0.25629013089116154,-0.6989650530084832,-0.1483648209631641,-1.3764505048440454,-0.982108942128941,-0.28120498118894194,-0.10229886126378127,0.17773853043994142,0.11898710928123751,-0.5461124963111058,-0.6745,-0.8584545454545455,-0.26500728322415895,0.6532607048519395,-0.9290241176824106,-0.9821089421289431,0.38065356004250805,-1.2622222222222224,0.05465229048519627,0.19879949013726841,-0.15490853443619745,-0.7733481636333164,-1.0676045148686781,0.4589123385751502,0.07824776246535729,-0.09260159949445355,-0.4452045408432543,-0.8141760767100875,0.33027481177678886,1.721250086021402,0.8296323553123597,-0.3320771062462764,-0.37983522922537544,-0.25690312622517814,0.24817945413317477,1.373588611279104,0.43512683831676624,-0.12189384096792891,-0.41176860912171226,-0.5691189242117183,0.2918407898679256,1.9374112007783078,0.7837163546473975,-0.06607682007672508,-0.40143823550835117,-0.3031460674157296,0.5515556616955412,0.07293469948395079,-1.2219833292600273,-0.6538648777027477,0.7739833894417282,0.08935336808719099,0.0,0.0,1.1966335416962746,0.27800596013502743,0.6745,1.2696470588235294,0.4187486099507379
murayama_round001,murayama_round001_0010,0.5765983632473368,-0.027142535905145114,1.0594972067927253,-1.5637157403125557,-0.19624551837466633,0.13358552393916673,1.1137548347778317,1.0691267671814928,0.14909999999999884,0.017657068062827002,-0.1673178294573647,0.10017890295358542,0.6161141797961078,-0.07899957047570229,-0.5642896478997026,-0.34749308205919044,0.12608352337450757,0.6744999999999999,0.25942307692307714,0.42599999999999894,0.1001789029535865,-0.22483333333333325,0.0843124999999998,-0.9680761250000002,-0.09450491243058506,-0.016862499999999083,0.0,0.0,0.0,-0.02248333333331276,0.3402665474061068,1.2921492857142718,0.8771572121878204,-0.0326543347533828,0.1921775533293264,-0.26235490613209284,-0.21335439035970397,1.043847104085212,0.17577116667277057,0.18216841898346062,0.5573499932529056,-0.20187785156339022,0.6164650863987566,0.9642096651568804,0.4533593117069367,0.0006538605410140629,0.5281939889354818,-0.17250558547911515,1.1675076819261294,1.0631998775716496,-0.086566844919787,0.6101359279799936,1.2226324848601462,0.4387084116734147,2.4793501001066502,-2.3693177788936457,0.11189737007262379,0.0,-0.5188461538461538,0.37472712126559954,0.7976672855716797,1.0431226269213283,2.4395902416122093,0.33084927318293966,-0.44752861392269844,0.9022531400335966,-2.919374813771278,-3.7875724425079715,1.2859443315086048,0.17677257805378666,1.349,0.9274375,0.85558123524419,0.9644086436406645,0.9057648426907261,1.1653215479142411,0.9475422010919634,0.676376841359007,0.6719559596457941,-0.23906144315175387,0.5262011875201518,0.8872459262016494,0.8089466823527994,0.7157933047974453,0.8314357787536197,0.8758073376613849,0.38630564918392213,-0.9463848652541252,0.8261672636598957,1.0583633372131327,0.8946507321304245,1.0419625761011162,0.882250359157365,0.7829504804241338,0.2679392083227738,-0.5888583476760376,0.4198592592328079,-0.11984136138414433,0.23343719840489482,-0.37231218039989783,-0.5468729370753301,0.520705336889667,1.0875482586280998,-0.5189829845113433,1.14605575129203,0.24971126492649595,1.6433125991114583,0.574800272147323,3.701662015079812,2.5139983918248086,-0.9746733400041252,-1.4462536309721745,30.227996590419355,-0.6745,-0.36790909090909085,8.477776795825468,0.03466948962725193,1.3952458964233594,0.5748002721473292,-1.0528774353524617,-0.3471111111111099,-1.1404291071856112,-1.965411653355579,-1.0783256763370161,-1.5375687350892442,0.2594343390492729,1.3002263415365578,1.8730842190241315,2.4099963503762942,3.180140222548071,-0.9758134598892985,1.850975360710639,1.1170884511179915,1.1015140285210796,1.586845735803979,2.164988164627825,-4.879204754175263,2.3011536060152613,1.9563439658792843,1.909755080606715,2.1181377295922124,2.9601454955485047,-2.077968683100624,1.955430973675112,1.8645160326184664,1.2266330402343357,2.0653120462022585,2.2573174567122147,0.02020973782771559,13.529150931522476,-1.3630244399735003,-1.0982325666324586,-1.7416537172649562,-0.6008453954751717,2.427810673093175,-0.3597333333333333,-0.3597333333333333,0.8880423802135647,-2.3656353490645183,0.6745,1.9044705882352941,-0.12393289049508897
setsu1_round001,setsu1_round001_0000,0.10312566031811626,1.7352746746846877,-0.6517943528877373,0.28816221728615354,-1.1155194648968134,-3.7970612671496844,-0.8567022279323778,0.4312599212457831,2.151299999999997,0.10241099476439852,2.6561705426356546,0.9471459915611828,3.668679888785913,2.929120838055099,-1.993823422578945,-2.4438592448360335,1.5656604175082287,3.3724999999999987,-0.33206153846153336,2.82225,0.9471459915611814,-0.6744999999999998,0.42156249999999906,-2.1047772499999993,-2.3995027765912007,-1.686250000000001,-0.8993333333333329,0.0,0.6744999999999995,2.225850000000021,3.477475849731735,5.574838857142835,0.7287257681797894,1.6955696777091815,0.5588991296590291,1.0525839668417227,2.0330603628682287,3.0662274038534902,0.2714869365823375,1.6921645966424115,1.223985685180393,1.2430608284936644,2.3755533693247344,2.9507370180522754,0.34201914350803675,1.6753432998428504,0.9180701155034836,0.8358979242739198,2.6942936315619335,3.1143061245521437,-0.028855614973262333,1.8779443959078206,-0.2090786736550857,1.5588081987129216,-0.5196227969785485,5.179784173679714,1.7833992664618552,0.0,0.17294871794871794,-1.5493076262424084,0.09263697534151148,0.4564761696973721,3.8269106949712373,-0.685110814262994,1.346202025466312,0.6833329252292017,3.596874534441236,-0.07675984450398418,1.3484299520798309,-0.35263378945453244,-0.44966666666666666,-0.3372500000000001,0.38837091201099744,-0.30941916127229546,0.1925926705934093,0.13246560578982589,0.12171612414892984,0.4028719444144023,0.6354562587214097,0.37179630942796205,0.0656397216428957,0.1770700523929736,0.21857838527570833,-0.03116721529160318,0.025826185267173295,0.7349662022890779,1.4902430563238196,-0.4702884757096777,0.2791320020420245,-0.09996096685999707,0.20649465308314796,0.5127844525938113,0.05638902416696342,0.6426386948732233,0.7184822873069642,0.036526017207691455,-0.46865299396214766,-0.21425111275748376,-1.7618548519781905,-0.7262426122905066,-0.1426840324673198,-0.058639021891847005,-0.7934687383448282,0.24396804249618606,-1.5925274372425995,-0.8387134493694234,-2.1346133525620687,-1.587226059886792,-0.14157491457353838,0.2834118800983323,-0.11846356860348754,-0.38193456282640453,-0.4660868561350994,-0.6745,0.49054545454545456,-0.2733767745753301,0.26345822718485956,-2.0717337721176974,-1.5872260598867953,0.31974697839178184,-1.6724444444444455,-0.05890472464062177,-0.2817440168958452,-0.8414148454916354,-0.9717988519496682,-1.60685374558715,0.7815363345828724,0.7157590118487641,0.30285485805935836,-0.4937340379397275,-1.1439565699311203,0.7519386164137651,0.7753998282089861,1.5662732473069498,-0.07778810957854959,-0.26089522245214314,-0.4743302449686581,0.45144035002900773,1.0639428101356698,1.2865993400155087,-0.14946528368628534,-0.37621727223048207,-0.7397024137474427,0.655108423257585,1.497807692923592,1.3823022270356042,-0.15030509249500104,-0.2918341852048063,-0.7073408239700371,0.31335264580842825,-0.6136432154815634,-0.16504744001339366,-1.7113335891072115,-0.15648381104213185,0.4005296694751113,-0.3597333333333333,-0.3597333333333333,0.2183464215593777,-1.931089825745454,0.0,-0.21160784313725495,-0.2793306856161189
setsu2_round001,setsu2_round001_0000,0.7351083968074006,-0.5441392148639607,-1.7056771542055214,-0.9335499538347475,-1.6513967286636695,0.48837592848616934,-0.5437891833795996,-0.2520733651197588,-0.5395999999999994,0.06709685863874373,-1.2548837209302304,-0.45991223628692063,2.2684203892493056,1.029101687518277,-2.4954142207120125,-1.5121361441646384,3.3804219334098082,1.815961538461538,0.7990230769230766,-0.4970000000000006,-0.45991223628691924,-1.0342333333333331,-0.04215625000000285,-4.290831749999998,-1.708003417343016,-0.3372500000000003,0.0,0.0,0.0,0.4271833333333543,1.2066189624329335,3.5617454285714225,-1.092583095626957,0.8696840381676505,0.07439752126677998,0.5342335016311702,1.0869482464693412,1.8545348970216515,-2.0645644414238773,1.071219924487882,1.5868938049421846,0.9875352742161774,0.8191589593022249,0.2290546875645516,-2.2324972771514924,1.0510772108144812,0.796526844359764,0.9918634167346496,1.1279256799485806,0.9100398997540498,0.2019893048128343,-0.3030977934238511,1.2785786545125335,-1.0388258794722411,-1.1749910486459252,-0.8980563096550129,0.8826478529807847,0.0,0.7955641025641027,-1.5578944177469112,0.5774909717979937,0.3442300780828146,1.906276429320058,0.6505324011675412,-0.8584991539758596,0.18925572889762757,-2.6773255756523233,-0.09143156931882487,-1.3126925087127594,-0.4810171495165844,-0.44966666666666666,0.42156249999999995,0.4477066564510754,0.9704120771186489,0.5991248418329639,0.4185533176710326,0.6516422952574699,0.5338384976455117,0.6557000818994898,-0.5277986922923084,0.31822168270681245,1.1721880470074093,0.580429702204236,0.6808524541586384,0.5631266310827194,0.6474085975171596,-0.17070683323196242,-1.9762640380955712,0.3704927211713863,1.3161965664291981,0.6329815853802301,1.2072859690880244,0.5540098053054612,0.4035816978403555,-0.2337670075427288,-1.2167168270866346,-1.105348454116785,-0.6224955111696177,-2.6612238307308904,0.20756963725651864,0.2673348305821219,1.9030968729351103,1.1542722106039645,0.23514196193693818,0.21638390422223586,0.1852480856808492,-0.07098120704941549,0.14180758500805696,1.6643311814428519,0.78850539383669,-0.41774762518809344,-0.33029012546860015,3.3119037789773644,-0.6745,-0.6131818181818183,1.7300557308759852,0.9124109956004868,0.07577759647366915,0.14180758500805826,-0.12684437973786739,-0.28399999999999903,-0.4281720209194007,-0.784814422324807,0.16832488737647905,0.6829296758132593,-0.4400520105404819,-0.9522458332614824,-0.08773247173841218,1.0168975046705413,2.2825105756226978,-3.509224244180446,0.44526862097144637,0.5158446314585088,0.41167542087999764,0.5582867311873967,0.118918045690443,-7.563967802966981,0.46698470312840373,0.7299323671734935,1.3500274584463554,-0.15407625570895683,-0.33789667996149586,-4.90850146816316,0.6077801887550763,1.0895574773521355,0.9092102206755566,0.011181162321304445,-0.06837513757200359,0.0,2.8813522011688,-1.6047221383251804,-0.9476330878554257,-2.350581226140609,-0.7156570057672822,0.3685354768608387,-0.3597333333333333,-0.3597333333333333,0.7022239871463876,-2.6200688858243524,0.0,0.4232156862745098,-0.29479937584863763
quantgan_round001,quantgan_round001_0000,-0.5302021260850703,-2.0501738591563967,-1.9798483056376994,-0.9351056694094841,0.6854422364846025,0.36281947717178226,-0.7334930657145629,-0.9347469411812113,0.4614999999999991,0.9993900523560211,-1.1607674418604639,0.824199156118143,2.058381464318814,0.9103180495877897,-1.3533994571054744,-0.9678862156436847,2.097876289832868,1.6084230769230763,1.3074923076923077,-0.41712500000000113,0.8241991561181435,-0.7194666666666665,-0.5058750000000019,-1.6425761249999995,-1.152498932080308,-0.3372500000000003,0.44966666666666705,-0.0,0.0,0.4271833333333543,1.6892665474061075,2.5981739999999944,-1.9582128145031754,0.5930025373400821,0.2479097845778428,0.4181692833609885,0.5214066609342609,0.8742813481944107,-1.8357447909011724,0.7720244975232178,1.3031074090760308,0.682485133726656,0.5501860430574587,-0.07474922594207649,-2.1657169542361396,0.6843122859231507,0.9150048902425906,0.6701454146568968,0.2929584351914303,0.2930568932311045,-0.028855614973262333,1.0978503187692288,-0.7646591401246456,-2.0841227788676653,-1.4055674969157674,-0.6992560227028977,0.5145960325823481,0.0,0.6226153846153848,-0.0983241601797222,0.14731459510810016,0.04397205441599248,-0.0049026487135288245,0.14011346697290178,-1.1705571067996092,0.10590210109635477,1.1366738677968322,-0.8884651669644437,0.8386780936718577,-0.45826393620975264,0.0,0.08431249999999993,0.18156539148406306,0.016142472534090402,0.12191759600138927,0.32382029029876114,0.04816305429170413,0.30777177916102866,0.4697609515897513,-0.20576855589567541,-0.043919164678892654,0.06816362721330187,0.0713013742970707,0.06999420163999005,0.021507566522098565,0.1589247438439816,-0.22853867033152353,-0.5102616082153,0.12823910333017874,0.0026609022958919027,0.11998924175938033,0.30606360278391787,0.026512995529372987,0.2855035382205057,0.5206021093714888,-0.3424662763403185,-1.2161442943243523,-1.3263997622685362,-2.19173280743301,-0.7722228823570055,-0.38225702940060075,-0.16937753057652413,0.23151962776681762,-1.7328214969493478,-0.13024992456060278,0.42796684907920324,-1.0877826334338012,0.01943304259269197,0.5278874769700006,0.6417898260264104,-0.9991222764228265,-1.1508702836915061,1.8042484821268876,-0.6745,0.36790909090909113,0.6151290227600753,0.7384832490779408,-0.7068404382157258,0.019433042592696157,-0.9956274920297554,0.1893333333333327,-1.031764741350191,-1.3366551859928977,-0.31576773761496213,0.08180725042089183,0.5106907689515955,0.20835778198039828,0.5898618349563954,0.6692107455529466,0.03134713928894667,-5.9175435447220055,1.1300542927303359,1.4152506220260912,1.4849317069702106,0.7868972966731117,-0.019989483337304933,-13.190909136198735,0.9577337730843829,2.4224958161708137,1.8538713380947427,-0.026641601263092438,-0.6244072344692324,-9.879829736246261,1.1701452771228493,3.2144363519413215,2.1604528701255523,-0.026490329400228226,-0.34426936044570067,0.02020973782771559,-1.9374301258488258,-1.7319683200120246,-1.4786246802615872,-2.191831345548429,-0.9592699054732837,0.7216909066187805,-0.3597333333333333,-0.3597333333333333,0.17135700005483195,-1.1624584549567925,0.0,0.3174117647058824,-0.08649835569126357
old_mcgan_round001,old_mcgan_round001_0000,0.8797224586878997,5.919051945944575,3.2902635582892334,3.4228846191991393,3.3126652222238997,-13.062196186153177,7.8263023858929985,2.352453517942982,-0.7454999999999993,-30.423128272251283,43.586294573643315,-20.208816877637126,12.937397590361448,14.470147416991802,-12.853264202159862,-17.400884975561407,-0.626423051048503,9.18357692307692,-43.83212307692301,-0.9673750000000104,-20.208816877637126,-5.306066666666665,-0.5058750000000019,-14.458076124999993,-14.615991456642462,-15.193112500000003,-14.839,-7.406784497375918,14.906450000000088,15.715850000000021,14.86313237924886,16.52351557142857,1.625863152556432,14.309556627185552,1.8829032915021684,14.157600778457173,12.91527278380226,18.712516100653232,0.46416152628197005,15.516945181194725,2.8155340081828486,16.583012607059842,13.09852582095042,16.121218638415446,0.8849282571234129,13.84462791157417,2.187127358779658,13.446907257193638,15.112470854601057,19.03172551090007,-2.741283422459891,-0.021728433923932814,0.2364007197963504,7.34272377757279,2.576141255521038,4.224917513294115,13.60313219315523,0.0,-1.9024358974358972,2.818569648877881,-0.696796463486877,5.264009281271786,17.693744566760195,-13.450155025332263,-6.152432979613431,-6.514145735944725,10.623906150299325,1.4137466981897158,-2.1213151052436694,-1.6676462378489192,-0.44966666666666666,-0.5058750000000001,-0.488352417019071,-0.7654873106167616,-0.6756148037225965,-1.0312883217737827,-0.6656488955237649,-0.7992241495553247,-0.3863520889004089,-0.7840682578880878,-0.6173868878219588,-1.1038419737675755,-0.7463557588894313,-1.0418292214006981,-0.7388759900955961,-0.6743285452013201,-0.4490790175804041,-0.36160453209278837,-0.5829099418437808,-0.8169742596177202,-0.6555696215913952,-0.6685348492485729,-0.6272960433933649,-0.6750640213161412,-0.2328842790784423,-0.942437856567694,0.5481892184404566,1.3009060391273495,2.2285669190326307,4.251291550694658,-0.5311464464790137,-1.5887623573686496,3.8280795029848202,4.889507835190041,27.988473317620336,0.4861631426926381,53.44017488728719,22.03690992131884,5.388128077582071,7.630194182627151,-0.835454143961788,-1.9097035161797853,-0.08537263969212162,3.3724999999999996,1.839545454545455,2.2703294071277895,1.5332802984730505,41.262576444133366,22.03690992131894,-0.2558962734679418,4.196888888888888,-0.47241516976633197,-2.590058176243508,-1.7775009646344637,-1.6922635978584348,7.742054655176905,12.388816758907641,11.89887192459763,7.678576434878053,4.53816219895093,1.203110552729598,4.9298304276424,0.025970087660953618,5.923091480309557,5.620144027397426,2.3931345072159265,0.9159127746614775,4.68343969403409,-0.2784401684831736,7.734275874648617,2.6671437754301333,3.0137583755298665,0.9779775258547696,4.71292383857819,0.21938026609744415,7.551355779253706,1.7801329242389867,2.5614876935999953,-0.46482397003745285,2.6257543923582585,-0.23458377444699507,0.7970579549716899,2.206502415502384,4.950482546020217,4.3443321349300765,-0.3597333333333333,-0.3597333333333333,-0.7435465549106941,0.39258308385338264,0.0,-0.3174117647058824,-0.3658156868556078
mps_mcgan_20k_round001,mps_mcgan_20k_round001_0000,-0.12964971758680763,0.49525367070196674,-0.6799764626485779,0.305843092125296,-0.7884993118875177,-0.7817868745547607,-1.218280477740397,0.30069644671251217,5.161699999999981,1.1547722513089007,5.531945736434081,4.057245569620245,-1.2872385542168672,-1.0318440428837619,0.9948217496305838,1.2844636150462447,-1.1156407981835135,-0.985807692307692,2.459330769230765,5.262874999999985,4.057245569620254,0.35973333333333335,4.468562500000004,0.5495488749999998,1.3829987184963692,1.0117500000000001,0.8993333333333334,7.406784497375918,-0.6745000000000004,-0.8993333333333329,-1.0642379248658673,-2.1198571428571427,0.2010837903336755,-1.1204197650029113,-0.8415217187819243,-1.121482828229947,-0.8516630656090967,-0.6608705489115141,0.19910466159779983,-1.0531975904547637,-0.46475503281873065,-1.1156053057307227,-0.4402900140429627,-0.3882694859479312,0.1927073835529327,-1.0665460540274299,-0.803181192672383,-1.068033060641768,-0.6436013096754108,-0.4986727980685757,-0.3174117647058816,-0.2781792771131639,0.14305864480199917,1.582415423462603,0.10182389228999335,0.6961068736160868,-0.98877826271987,0.0,0.6917948717948718,-1.9071697422148068,0.15683080644922492,0.6729304048981256,7.157077836228752,-0.07765417351920263,-0.37607966770922097,-0.7110469461836922,-0.8147515803664562,-0.5581698324610034,1.7803763676732105,-0.373554678952879,-0.44966666666666666,-0.16862500000000008,0.1935044126903064,0.5184079373303263,0.10315300890811191,-0.16939478781097986,0.1556952265048405,-0.065529870984606,0.004726240528405072,-0.4832481504467269,0.19744024274948263,0.19524180397482932,-0.01081387899112655,-0.10615698083784145,-0.08695876607118345,0.12009662540885342,0.11666669696347866,0.009183500913887341,0.17516556329614422,0.2040379618292488,0.0784551616455487,0.1882444930666167,0.05956315401149302,-0.07890370613862423,-0.10993921049680772,-0.33884983777775124,-0.6744826865739927,-0.1695189169924078,-0.9861938211972068,0.06424158125513423,1.2576281516897805,-0.6977357085081065,0.17667993053301015,-0.16359600119559425,1.4400612590144968,0.35317322064523177,2.0678503846647627,1.2634995076699302,-1.0011536223699355,-0.8186133788891148,0.5611988378768554,1.0412192906205169,-0.5495295151442764,-0.6745,0.0,-0.6817690536249581,1.1686586729601305,1.7220067749584695,1.263499507669937,0.754394617428268,0.1893333333333327,0.3691354534268126,1.1996788317441018,1.3192092204570864,1.0583553780210482,0.5136333751248102,-0.8995416095814671,-0.9973688930433002,-0.9443544097109215,-1.3238407954418168,-0.5693929059604039,-0.9854096406862468,-0.5674222963972868,-0.9752500820255774,-1.1479230225912989,-0.5995908122253223,0.4237904712289953,-0.8756881939158416,-0.6096172992940959,-1.33843344444461,-0.5924530833892664,-0.5343340628240644,-0.09289211998470684,-0.9786517648204217,-0.4556075090815422,-0.931706877560947,-0.41845196887804,-0.5044297677284821,-1.1317453183520603,0.7093798802285182,-0.5833656427312652,0.2695241002864073,-1.0335072807386836,0.0125593515048505,-0.844380654469589,-0.3597333333333333,-0.3597333333333333,0.1282934612346741,-1.5816552093401959,0.0,0.4232156862745098,0.21310373808157831
block_generator,block_generator_0000,-0.5701772363487573,-1.3425252684681845,-1.404108920291428,-1.2337231744848254,-1.7375783128306659,0.4480913272659508,-1.0895609119218728,1.1620824722290415,-0.5750999999999995,0.2577931937172776,-1.5895193798449587,-0.30964388185654124,-1.1407447389558232,-1.1367197321557048,0.931426245977654,1.0085570005038391,-1.2761956586945478,-0.7782692307692307,0.9961846153846147,-1.4910000000000014,-0.3096438818565399,0.44966666666666666,0.0,0.6744999999999993,1.1524989320803074,0.6744999999999998,0.44966666666666705,0.0,-1.349,-0.9218166666666456,-1.0642379248658673,-1.7843415714285742,-1.455419315694465,-0.885529473967102,-0.1221760594758507,-0.8425877573633865,-0.8839074507883398,-0.9948518590006252,-0.6643632553004271,-0.7949040625268727,-0.061073271226180455,-0.7602146718347069,-0.6324825714538195,-0.9177638960067082,-1.1616215972588222,-0.8746299058861843,-0.11040439731814197,-0.7520885274596132,-0.8957916514472699,-1.0102431299416987,1.5004919786096251,0.48561793056794916,-0.24426917487000907,-1.3745773550376763,-0.7748618154650573,-1.4152468574701358,-0.8437147610779117,0.0,-1.0031025641025642,0.2155942725640721,1.1859742252695327,1.2831425371622451,-1.5233758462609204,-1.0344606387580757,1.316011534965989,-0.12335847282985109,1.8243976576281522,-1.0415753660370153,-0.34568447538330216,0.18641549961405093,0.8993333333333333,1.349,1.1511316276398866,1.4975247568905874,1.1905495800017931,1.6400908130862946,1.2603931265532087,0.8097397336413514,0.3601629208313214,0.4911530347713635,1.0134178398947544,1.5188698838988863,1.1880386474556768,1.5224454331585995,1.2657457330269868,1.0387265478447423,-0.8101109691293215,-0.04298871991174506,1.1595597908942106,1.6663821326732664,1.2087228642867944,1.6395887240142808,1.1781307568199002,0.9701146429593317,-0.005026765293830864,0.2971156922484398,0.4434838430120279,-0.8510799604430177,-0.6844075846007249,-0.5434738593179295,-0.010229290529163161,1.2558219605196923,0.11422886179531798,-0.5152197238856355,0.312112672303811,0.39730745475337526,-0.1852536668422568,0.3938968223668567,-0.9375413994337101,-0.828446794786527,0.23297083486854872,0.43321462607648265,-0.15204723398452996,-0.6745,-0.7358181818181818,-0.33586895068986555,1.2924438396832678,-0.012176339842297566,0.3938968223668596,0.47470969622999554,0.2524444444444436,0.13728445558578894,0.5829709232923282,0.7697175605612068,0.9316968593684243,-0.09142320578011512,-0.8138053658216186,-0.95654832960794,-0.7868627516757781,-1.455571004222635,-0.30828120403939524,-0.7963349226576132,-0.9798420390547491,-0.9350973416401435,-0.6985271605444227,-0.3360627992259092,0.11765673429716701,-0.5358959636525314,-0.4306513991249531,-0.7413317671063346,-0.436348879401093,-0.32641259382751064,-0.3857514905194814,-0.7162478773529514,-0.7122055167912533,-0.7412526158298348,-0.2757655277760667,-0.36164788097682876,0.8690187265917604,-0.3698131751333327,1.304910885340075,-0.8504026464481634,-0.5245032056885959,-0.7347581638115891,-0.6384682821562242,-0.3597333333333333,-0.3597333333333333,1.2466715153371526,0.5852988152827237,0.6745,1.2696470588235294,0.14628213635522583
real_sample_5_windows,real_sample_5_windows_0,-0.871736952532294,0.4030640203816187,-0.7501033373617024,-0.6147980568208702,0.28338399869222375,-0.20376628986479353,-0.848490565875063,1.1947441235149956,-0.08519999999999982,-0.45555235602094074,0.18823255813953294,-0.18669704641350163,0.4940915662650602,0.08728769861062481,0.1829331146132361,-0.13544299163925208,-0.15798443832590603,0.7782692307692307,-0.7678923076923049,-0.69225,-0.18669704641350202,0.17986666666666667,0.5901874999999986,0.33724999999999966,0.0,-0.3372500000000003,0.0,0.0,-0.6745000000000004,-0.02248333333331276,0.38370483005365347,1.0564597142857084,-0.922907721208936,0.01641784527569308,0.3720477781332905,0.07794730795447892,-0.06458788689942856,-0.18345073468197753,-1.7346704258212848,-0.010384880397668581,0.7798803210364836,0.01318916115595584,-0.1571277519794193,-0.6954804079011302,-1.4413313209839689,-0.006294558001703833,0.6961616402226308,0.0029629369413705837,-0.0961802849426129,-0.40267636672241786,-0.23084491978609664,1.1845282616541353,-0.8790848033094195,2.7523796668481655,-0.21120242082735316,0.36286222846302807,-0.028836585295144924,0.0,0.0,-0.5425132082865562,-0.03869982100421647,0.41251890533281044,-1.465232533367025,1.1473763921989637,-0.062417225194677094,0.07918580259061016,-1.8619961440072839,0.5834812468527688,-0.1960823461342774,0.07789512814650561,0.44966666666666666,0.0,0.5312258024278506,-1.36521419945073,-0.35550676793724595,-0.929820732409567,-0.5850565048716544,0.34459087317678994,1.7074437521036805,1.2378339750623122,0.6583888361687459,-0.8473625973341452,-0.2653599580197738,-0.8803826195348973,-0.616446850983165,0.542305549800095,2.988421139258125,0.7464471042270093,0.6266782760099058,-1.2754402565036354,-0.29272802584752255,-0.5675938962820392,-0.62091067221645,0.47925910883664835,1.9713145575882318,1.197198329881789,0.08232506624448889,0.050349854010612725,-0.03322723795710772,0.8190992395386665,-0.06888392156909201,0.716073442644872,-0.45666988838095335,0.8913724385636557,1.9613453577740199,0.2372322672699589,3.244379830122541,1.6903193830094616,-0.013770634105558446,0.022915467738656676,-0.12821024704842918,-0.03014695818112064,0.6869509466175184,0.0,0.49054545454545456,0.027797757299878025,0.9024903146577682,2.627565263042539,1.6903193830094652,-0.2610375487070491,0.9151111111111124,-0.5438853538515475,0.0,-0.01628923819690829,0.5455458513193273,1.002013891903625,0.18437403707383307,0.06380729868545,0.04519888221857112,0.2142664055015373,0.10817012467945906,-0.038065906808403834,-0.9083419537075856,-0.06700325870189817,-0.06332662659085504,0.05571414871624729,0.6212327867647991,-0.04440346907946073,-0.8691422762591097,-0.0659990026882715,0.0035820701657837853,0.3743730621587496,0.18589636195730294,-0.032132306796839774,-0.8656633728638776,0.09761607406653575,-0.015456516690370419,0.1376872357536315,-0.5658726591760294,-0.4422625411811465,0.8365774451110725,-0.5908133539027969,0.641749360252043,0.01565730769388943,0.021570834525476597,0.0,0.0,-0.20639078451325557,-1.1483110906499931,0.6745,0.1058039215686274,0.4099725013913348
real_sample_5_windows,real_sample_5_windows_1,-0.6710363848695478,-1.3570635909148516,-0.5320938485587613,-1.2020092969483536,-0.3328154753080016,-0.8190388984288682,-0.059964834808731174,-0.3381082261431142,0.6958000000000001,-0.01059424083769689,0.6797286821705444,-0.13205400843881984,0.3640674698795185,0.44488347490612196,0.0752386197199595,-0.06403743397967278,-1.1480846238855693,-0.15565384615384625,-1.2556076923076933,7.882583474838614e-16,-0.13205400843881832,0.2698000000000001,-0.21078125000000247,0.0,0.13599487398547605,-0.3372500000000003,-0.44966666666666644,0.0,0.6744999999999995,0.8768500000000207,0.8663524150268268,-0.09982600000000569,-0.7025151155908134,0.4040888919503967,0.639434993344403,0.5153409155874341,0.07590935668522276,-0.05171311578872486,-0.8699005995292721,0.30000053520219533,0.9994862692634948,0.2777325418567365,0.0019135454177515313,-0.639134231343916,-1.0984926650756184,0.3527667846394127,0.8238251655216325,0.4122942138748224,0.024738550387525662,-0.41595318312429724,-0.259700534759359,1.1154816460043686,-0.3287508990640137,-1.231143897728257,0.23999669579875288,-1.8837053157933854,0.30582708430018873,0.0,-0.7955641025641027,-0.7436903488280638,0.9402994999446685,0.033542319049401595,0.6224263138449242,0.12109194292723524,0.17294260348222545,0.527841017261221,0.1349814477190444,0.07958139925246142,-0.8627341161335184,0.6834457785368854,0.44966666666666666,0.9274375,1.0767995155332903,0.33803708577860253,0.8351127458687811,0.6465823752692915,0.8285487706114081,0.9018052013628547,1.369060380792628,0.9789882466105448,1.2619423197841304,0.36043159230967287,0.8597314764134324,0.20512992935657698,0.9783762507213837,1.2230425923434287,1.9447691278473465,0.6556877545808075,1.0654177725326612,0.32664850998596756,0.8343324433124775,0.3590046896029512,0.8179592398815138,1.085770049630883,1.6015778163668368,0.8573066531430397,-0.9945066832031619,-0.33651583864502654,-0.6761658472887109,-1.064666169203982,-0.24545649933245905,-0.5124952668199235,-0.2522130871191925,0.24051306588575638,-0.2826487888547054,-0.22398728413818397,-0.46085743452184985,-0.9320829346800155,0.8857274641454519,1.4361602751280942,-0.26380508558727134,-0.8637559639012028,-0.5429486498653987,-0.6745,-0.9810909090909091,0.21276667036749206,-1.143785794831393,-0.7225748436522248,-0.9320829346800195,0.0,-1.451555555555555,-0.19237995467624827,-0.7435628700244994,-1.7989380399475607,-2.7498163074787136,-1.328795745604515,2.6090999568909035,2.37037125912177,1.6993217325094017,0.5368588688032493,-0.7177389530146109,2.0418644441374356,3.0295334648168635,2.9399720228705357,1.0000253853106313,0.009114066247806548,-1.7456315894810877,1.6252896683613955,3.7172337996859945,2.5713950902735343,0.3946600607363663,-0.39570302831939114,-0.671528680544834,1.9217873292872427,3.5057211839147366,2.932740788765038,0.278467102374283,-0.06413465599704504,0.7477602996254669,0.8321411000054233,-0.7093426116530529,-0.3499496976756892,-0.4324945177113752,-1.6388695538399944,1.3713471248804059,0.0,0.0,0.9049994802842195,-0.010913644375216145,1.349,1.2696470588235294,0.46786018721688416
real_sample_5_windows,real_sample_5_windows_2,-0.41844709930781,0.551644337474488,-0.06996907102961938,0.6109805307524073,-1.6172062603720323,-0.21519662676992352,0.6351654351521363,-1.7679037464391587,0.15620000000000012,0.8863848167539271,-1.4431162790697647,0.2049113924050628,-0.36406746987951794,-0.3336410404035451,0.24766045657820132,0.11522417786965147,-0.9910046001734117,-0.2594230769230771,0.8509076923076914,-1.0827500000000003,0.20491139240506348,0.31476666666666664,0.3372499999999992,0.33724999999999966,0.23049978641606111,0.0,0.0,0.0,0.0,-0.02248333333331276,-0.3402665474061068,-0.43534157142857405,0.32849640825665005,-0.24758121663064203,-0.14740319762782886,-0.26696758523471725,-0.07095225401057029,-0.011189627853822404,0.2525505400158166,-0.5330088986768134,-0.14170195091566076,-0.6675953178717133,-0.0067114034587230365,0.08939851295692339,0.28655824055793816,-0.32625077571806893,-0.05621724028782597,-0.4082896156054758,0.03997211340722001,0.08615200260813824,0.9522352941176448,0.47733384165663917,-0.7398542802405532,1.5100770203807463,0.6444168466615208,2.0515883355256874,-0.19144040583541808,0.0,0.0,0.037360159458678106,0.9534837590632288,0.05595204669896989,0.6733818189755679,0.35037013534626066,-1.7978011569904813,0.8575538285263739,-2.8320368612594424,0.21449677261367356,-0.8042637008442045,0.7980912176125808,0.44966666666666666,1.1803750000000002,1.1950962031657884,0.039617103030379956,0.6852241226069318,0.2973432430451107,0.6421893035470461,0.7508816722429923,1.310541832536005,1.285043800524134,1.1147892430529256,0.37702076957675,0.6224959008436868,0.4960666962921039,0.5301973331276657,1.06360676740184,1.1819045348109456,0.8499043090942003,1.2276561219999533,0.19914858918034978,0.7147124402859428,0.9447303418793624,0.4840819296584255,0.8859442579018922,0.9446347260287313,1.2623447590018944,-0.8387203139898664,-0.5477385745617518,-0.731175880931281,0.502060726052007,-1.1954829877611786,-0.09863204014833327,0.11644840388004345,-1.4022302085505538,-0.29288672780581926,0.3407190935040894,-1.280137509573839,-0.5421878445173502,-0.4954991613725628,-0.4615013488533798,0.19046063596575008,0.23420047001482475,-0.30983239477755947,-0.6745,-0.7358181818181818,-0.23406430554013524,0.6602675363393429,-0.8548933335218826,-0.54218784451735,0.5923708820403827,0.7257777777777797,0.24950445383477884,0.08978920646927266,0.25785706714811346,0.19021557660238203,0.5885587149989148,-0.6544620921035305,-0.6168839215337271,-0.3358968844044156,-0.6210905596753473,0.014251777594226711,-0.41452041012366064,-2.1629743878416763e-14,-0.5693801233477721,-0.3011172081096668,-0.29019181621952184,0.6619846893169983,-0.5721317468282582,-0.09112030129124714,-0.9877950453945126,-0.19255419768606155,-0.1905276791042334,0.25030491183417497,-0.47722542545129565,-0.4014262850635735,-0.6391455336558888,-0.18667886212351534,-0.22173633040646448,1.3742621722846444,0.2281208829769708,-0.8243917207554721,-0.4677621212557913,-0.021847816653673233,0.6439469860416057,-0.3304283435982831,0.0,0.0,0.8806728773353636,0.07161539929704512,1.349,0.9522352941176472,0.7676384632020317
real_sample_5_windows,real_sample_5_windows_3,0.4006889111988482,0.0923861233115541,0.07847743211351561,0.41652949046338356,-1.0167995821374274,-0.7336526050909716,-1.4664528920876785,0.091363087272325,-0.788099999999999,-0.6109345549738208,-0.616984496124031,-0.4553586497890276,-0.009101686746987962,0.5518761311737357,-0.6553679770343901,-0.818484274481069,0.0988663921813853,-0.2594230769230771,0.03113076923077038,-0.6301250000000009,-0.4553586497890289,-1.0791999999999997,0.2529374999999994,-1.1367011250000003,-0.4609995728321235,-0.6745000000000002,-0.44966666666666644,0.0,0.6744999999999995,0.8993333333333334,0.1423810375670665,0.0,0.29616866461972435,0.602461561077761,0.24600041426491404,0.34672435141149077,0.748762457559719,0.9851057668879022,0.2116184077775789,0.3613168387252209,0.22554916280720352,0.425203055956031,0.8355945262061127,0.7562103370612787,0.3111203644664538,0.5053063039241315,0.0581058857757143,0.34887064560445263,0.8498119232254083,1.019883740685802,0.8945240641711202,-0.5515799658501296,0.034844955987000374,-0.3447384396615648,-0.19048614365576194,-0.2730130026845966,0.5693116622463131,0.0,-1.0031025641025642,2.7882327397044913,1.2826818273457539,0.7383970630814237,0.07447900084752448,-0.45226540823398326,0.024306110603228178,-0.17545175670348492,2.5066059251175634,-1.0786527564089108,0.4682104552455208,0.44004321904717286,1.7986666666666662,1.9391875000000005,1.081884148873971,1.8040918112019815,1.468679066073244,2.719109416379356,1.459205981104416,0.9458947577352033,-0.1317972305557495,-0.12707258522340956,0.9983933686614312,1.972804653361283,1.405556103728251,1.5403647013532404,1.530262070569116,1.3229356037019944,0.030056182086416028,-1.2267822069020713,1.0431311220064061,1.9419950421128551,1.4279899179097737,2.156955378359064,1.4309205064816164,1.1356505523100715,0.061022356322104974,-0.6091514505771403,0.6552452291832299,1.3593895599996255,2.42750936565198,2.407487939219173,-1.0988665909093074,2.1498544048277823,-0.4513024062521586,0.11559487086223841,-0.38078496901556236,-2.120042073636165,2.0325982755037253,-0.1814758390670088,2.3191126289550956,2.3594115665127204,-1.496252189012545,-2.510295812689443,0.9303611295290244,-0.6745,-0.7358181818181818,1.7273550349727986,-1.171276538146655,1.6948737127160514,-0.1814758390670077,-0.8066284094934466,0.7888888888888906,-1.3376450062168752,-2.9647720442024657,-2.503377468195867,-2.132541359142735,0.9891300195354893,1.9104912563492213,2.339226505886241,2.5875287499805517,1.7713553387232723,1.071499330033101,1.9827140711948785,0.2906113027616873,1.2516779586159843,3.3972000340262287,1.5146932322923918,0.3859224740799292,1.1018644547186665,0.9200550787383165,1.6502789403170537,1.0660089282961036,0.9675232515531111,0.9437835279582507,1.7210277297725665,1.540878942332344,1.091864773391612,0.847058373885941,1.4543798299343598,0.2627265917602984,-0.2740034582197443,0.5395817382179144,0.884172528400179,2.6096683691968137,3.151096273248318,2.073747517527827,-0.3597333333333333,-0.3597333333333333,1.4027769454147627,0.6562419300097686,2.0235,1.4812549019607844,0.227548152285049
real_sample_5_windows,real_sample_5_windows_4,0.7972214173785714,0.017774147514440508,0.944077686751679,-0.11020366602388298,-1.1413198176566903,0.4316754206659453,0.6826236380186631,-0.3101328530152218,-0.20590000000000003,0.06709685863874343,-0.7633875968992232,0.10928607594936635,-1.0814945428773917,-1.1070513859648379,0.5185563692463914,0.6747423921511578,0.3404650959451519,0.25942307692307653,0.17640769230769207,-0.9673750000000008,0.10928607594936735,0.2698000000000001,-0.4637187500000019,0.16862499999999958,0.921999145664246,0.6744999999999998,0.8993333333333334,0.0,-1.349,-0.9218166666666456,-1.305561717352454,-0.6849065714285878,0.45113339201598895,-1.1483022418450455,-0.7883250268233228,-1.1354201645165223,-1.0580111690079341,-0.220559969805994,0.005402248964910207,-0.9582368235042661,-0.4472769482718538,-1.1418049436822126,-0.3852786303470354,-0.08475901858837752,0.07895200254491598,-1.0853428961960385,-0.6528383597773698,-1.1406297230609523,-0.22306459405639803,-0.21672169960112717,1.0965133689839566,0.134845985378559,2.8342766135334445,0.2075612712997332,4.226620599367477,-0.17117429595546507,-0.9229779262775328,0.0,1.3835897435897435,2.1766877031322074,1.1470490792994135,-2.0299317979482048,0.18249091098240838,1.0260791065109391,-2.1059482698922967,-0.7369968396403872,-1.0325746548785957,1.219909906531047,1.7537195813678388,0.23667078156687274,0.8993333333333333,1.68625,1.0378486129350195,1.594357060750512,1.1193087056815096,1.5396164205160285,1.1578327160576114,0.8207200053461781,0.5487862296785151,0.15087244195279706,1.10048803488231,1.3465139499236494,1.0678177948161602,0.9065677149991989,1.2773396713666931,1.010468263425017,0.524632970939004,0.13324254357520987,1.0926949779044164,1.6292684876681511,1.1192532992739204,1.1865195357379057,1.106026448026092,0.8304511282838603,0.25242943108441995,0.009521012466210716,2.298675248666002,1.244242535764723,2.2503013616216014,0.006542430424000027,-2.3568566585401127,-1.964453728607085,1.9768210210008512,0.8520954401506873,1.0427894353152214,0.5000703347120478,1.0883479996279535,0.7731709249773706,1.8050669714969887,0.700402436105196,-1.046588957039594,-1.2283938794404803,3.9191821291289646,0.0,-0.6131818181818183,1.3061351393360716,-2.891875705198218e-16,0.9680972979852432,0.7731709249773753,-1.5483432518597238,1.293777777777778,-1.3702854550562953,-1.1644968399282358,-0.7611746875372428,0.4436354235651765,1.0125552420230084,0.022351432909124117,-0.19931098553230342,0.8477134698359534,2.960558689145822,1.00550363394729,0.27753821530781897,-1.1380071642795018,-0.4526115842618895,0.5489118407159127,1.1979401172693678,0.14130869078923572,0.9817159353168341,0.6882832118881049,0.5197414885484529,1.0449314704493806,1.6498095567909343,0.6075163322475837,0.47209815881453204,-0.9080027545367191,0.35414229373466655,1.1055079590666441,1.2926010068863882,0.5658726591760294,-1.018295974998136,3.5720900567822857,0.3461136023947913,2.286231239388292,0.15846994703848227,0.9155902630463845,-0.3597333333333333,-0.3597333333333333,1.091254317989169,2.1271457919175063,2.0235,0.6348235294117647,0.6593036233858981
