label,window_id,source_path,start,end,DGS10_abs_acf_1,DGS10_abs_acf_20,DGS10_abs_acf_5,DGS10_abs_acf_63,DGS10_acf_1,DGS10_acf_20,DGS10_acf_5,DGS10_acf_63,DGS10_cumsum_max,DGS10_cumsum_min,DGS10_cumsum_range,DGS10_cumsum_terminal,DGS10_es_high_0.01,DGS10_es_high_0.05,DGS10_es_low_0.01,DGS10_es_low_0.05,DGS10_excess_kurtosis,DGS10_max,DGS10_max_drawdown,DGS10_max_drawup,DGS10_mean,DGS10_min,DGS10_positive_fraction,DGS10_q_0.001,DGS10_q_0.01,DGS10_q_0.05,DGS10_q_0.1,DGS10_q_0.5,DGS10_q_0.9,DGS10_q_0.95,DGS10_q_0.99,DGS10_q_0.999,DGS10_roll20_vol_acf1,DGS10_roll20_vol_mean,DGS10_roll20_vol_q05,DGS10_roll20_vol_q50,DGS10_roll20_vol_q95,DGS10_roll20_vol_std,DGS10_roll252_vol_acf1,DGS10_roll252_vol_mean,DGS10_roll252_vol_q05,DGS10_roll252_vol_q50,DGS10_roll252_vol_q95,DGS10_roll252_vol_std,DGS10_roll63_vol_acf1,DGS10_roll63_vol_mean,DGS10_roll63_vol_q05,DGS10_roll63_vol_q50,DGS10_roll63_vol_q95,DGS10_roll63_vol_std,DGS10_sign_switch_fraction,DGS10_skewness,DGS10_squared_acf_1,DGS10_squared_acf_20,DGS10_squared_acf_5,DGS10_squared_acf_63,DGS10_std,DGS10_tick_0.01_fraction,DGS10_zero_fraction,abs_corr,corr,crosscorr_DGS10_to_sp500_lag1,crosscorr_DGS10_to_sp500_lag20,crosscorr_DGS10_to_sp500_lag5,crosscorr_DGS10_to_sp500_lag63,crosscorr_sp500_to_DGS10_lag1,crosscorr_sp500_to_DGS10_lag20,crosscorr_sp500_to_DGS10_lag5,crosscorr_sp500_to_DGS10_lag63,downside_corr,lower_tail_dependence_0.01,lower_tail_dependence_0.05,roll20_corr_high_sp500_vol_mean,roll20_corr_low_sp500_vol_mean,roll20_corr_mean,roll20_corr_q05,roll20_corr_q50,roll20_corr_q95,roll20_corr_std,roll20_corr_vol_corr,roll252_corr_high_sp500_vol_mean,roll252_corr_low_sp500_vol_mean,roll252_corr_mean,roll252_corr_q05,roll252_corr_q50,roll252_corr_q95,roll252_corr_std,roll252_corr_vol_corr,roll63_corr_high_sp500_vol_mean,roll63_corr_low_sp500_vol_mean,roll63_corr_mean,roll63_corr_q05,roll63_corr_q50,roll63_corr_q95,roll63_corr_std,roll63_corr_vol_corr,sp500_abs_acf_1,sp500_abs_acf_20,sp500_abs_acf_5,sp500_abs_acf_63,sp500_acf_1,sp500_acf_20,sp500_acf_5,sp500_acf_63,sp500_cumsum_max,sp500_cumsum_min,sp500_cumsum_range,sp500_cumsum_terminal,sp500_es_high_0.01,sp500_es_high_0.05,sp500_es_low_0.01,sp500_es_low_0.05,sp500_excess_kurtosis,sp500_low_DGS10_high_tail_0.01,sp500_low_DGS10_high_tail_0.05,sp500_max,sp500_max_drawdown,sp500_max_drawup,sp500_mean,sp500_min,sp500_positive_fraction,sp500_q_0.001,sp500_q_0.01,sp500_q_0.05,sp500_q_0.1,sp500_q_0.5,sp500_q_0.9,sp500_q_0.95,sp500_q_0.99,sp500_q_0.999,sp500_roll20_vol_acf1,sp500_roll20_vol_mean,sp500_roll20_vol_q05,sp500_roll20_vol_q50,sp500_roll20_vol_q95,sp500_roll20_vol_std,sp500_roll252_vol_acf1,sp500_roll252_vol_mean,sp500_roll252_vol_q05,sp500_roll252_vol_q50,sp500_roll252_vol_q95,sp500_roll252_vol_std,sp500_roll63_vol_acf1,sp500_roll63_vol_mean,sp500_roll63_vol_q05,sp500_roll63_vol_q50,sp500_roll63_vol_q95,sp500_roll63_vol_std,sp500_sign_switch_fraction,sp500_skewness,sp500_squared_acf_1,sp500_squared_acf_20,sp500_squared_acf_5,sp500_squared_acf_63,sp500_std,sp500_tick_0.01_fraction,sp500_zero_fraction,spearman_corr,squared_corr,upper_tail_dependence_0.01,upper_tail_dependence_0.05,upside_corr
mask1,mask1,/Users/personal/Documents/授業/M2/DSS実習/data/mixed_final_masked.csv,0,1259,0.12838105562388782,0.17455487184152477,0.1659399480027663,0.10079315033744637,-0.05646087383799057,0.00643477203628076,-0.002287331493385671,-0.025602832453111152,1.2300000000000009,-1.1800000000000002,2.410000000000001,0.9400000000000006,0.18533333333333338,0.1229411764705882,-0.18999999999999997,-0.12140845070422532,3.509784914785345,0.26,-1.5400000000000003,2.410000000000001,0.0007460317460317458,-0.42,0.4753968253968254,-0.21741,-0.15,-0.09,-0.07,0.0,0.07,0.09,0.14,0.24740999999999985,0.9899775525362552,0.05178703016228304,0.03153965757582025,0.04589117562233504,0.09868510525910175,0.019750553642333104,0.9996915899615143,0.050446630777645385,0.03980311443411031,0.04857058563434963,0.07463966489535445,0.010793793883444735,0.9984197086769049,0.05223053595018922,0.037383018350642484,0.04759310727102306,0.09365537279036333,0.01679731372428647,0.5019857029388404,-0.19657584009770002,0.09832309793358988,0.2547133966218801,0.12113765120711982,0.13620432618802203,0.05744216366740239,1.0,0.06587301587301587,0.19708519327519106,0.12192766732539269,-0.00425468398623992,-0.033084373899790395,0.06793254462823033,-0.014411779509978396,-0.005891889020996545,0.034201750287034705,0.05657565906010324,0.04718837192126101,0.14368425877924587,0.0,0.20634920634920634,0.09407361377662743,0.0635277578449209,0.1388367515923193,-0.2618518374588293,0.1384575232468874,0.5147380376979629,0.22449256305682372,-0.008292753307952217,0.13153820885889805,0.13099455532755533,0.14812211946376347,0.08025352179805989,0.1436417396486621,0.22505682005162492,0.0417748746854625,-0.14153385170931207,0.09827941322515166,0.11577469534193105,0.14369995408199288,-0.08980292725877702,0.15335964779338235,0.3331917053763423,0.1220607734557969,0.009861580581507145,0.5225961070817402,0.4378178151177145,0.5107666066842684,0.3615596551116823,-0.0362204621644119,-0.1363645663989381,-0.03404216216715322,0.0072118944242355165,0.035694000000000004,-0.476879,0.512573,-0.0906340000000001,0.049275153846153844,0.02638977777777778,-0.06589146153846154,-0.0295264126984127,21.784025150353905,0.0,0.09523809523809525,0.078383,-0.512573,0.4246709999999998,-7.1931746031746e-05,-0.090275,0.49603174603174605,-0.088289573,-0.04581234,-0.00967965,-0.0060272,-2.3500000000000002e-05,0.006631800000000012,0.012022549999999993,0.033603530000000104,0.06567870099999992,0.997277008946727,0.006393987464912433,0.0016623802212493717,0.003714962614549584,0.0271589683338672,0.008173436694658108,0.9998470657652943,0.005276333669701575,0.0026470067183637863,0.004191519491337104,0.015220411240915733,0.004123653966246566,0.9996779493931608,0.00612631970169952,0.0018690466762830184,0.003817234972907949,0.022809118712535575,0.007143294474025452,0.5003971405877681,-1.4405095728415804,0.3347107999880906,0.23542036364077681,0.31723341126611754,0.14275032168275306,0.011183230750651868,0.0,0.0,0.15676722210275185,0.09301179190361866,0.07692307692307693,0.15873015873015872,0.02194087330608531
mask2,mask2,/Users/personal/Documents/授業/M2/DSS実習/data/mixed_final_masked.csv,0,1259,0.1769958853574074,0.14257299120927153,0.16312269229305515,0.16533083420911932,0.0797909187030218,0.033490062216952235,0.013584969595172525,0.02091169463608767,0.6800000000000005,-1.8,2.4800000000000004,-0.8599999999999992,0.12352941176470589,0.09068493150684931,-0.12823529411764703,-0.0917721518987342,1.2838951305813229,0.14,-2.4800000000000004,1.1300000000000003,-0.0006825396825396826,-0.2,0.4222222222222222,-0.15741,-0.11,-0.07,-0.05,0.0,0.05,0.07,0.11,0.14,0.9908601299646795,0.03832338620964432,0.014991664350564952,0.03499642838919428,0.06379655163094633,0.01602377801431074,0.9998417068478039,0.04447478783652905,0.023787981699558168,0.049363611982478156,0.058719542947840646,0.011204225553593915,0.9989198002641488,0.040235157860995484,0.016755465182603728,0.038891804209926106,0.06176764001131258,0.014873015474695456,0.4853057982525814,-0.07999355825814954,0.18414846106424526,0.09981527553149898,0.12253253344125185,0.14309654532191446,0.0424452309646826,1.0,0.12936507936507938,0.0719851305461861,0.011329612686975887,0.01207887756383634,0.018672106232517423,0.007252041095300402,-0.043026293749123784,-0.05002418153445605,0.013840387374711103,0.020819973389361625,-0.05317093974514031,0.019704368657902024,0.0,0.07936507936507936,-0.011987786084986067,0.02779164843987575,0.014799655865253343,-0.4014042791619502,0.00989006334081119,0.4232681835543772,0.2448622124139002,-0.037473606377625215,0.052864947248377744,0.10855978889859978,0.02923985015389186,-0.09899748061033077,0.03944669364903738,0.147748561242966,0.08050423271238764,-0.2601421061377486,-0.03735004333706044,0.038897474939675075,0.014520634513965994,-0.20764809977056303,0.013045561867580428,0.2680242531207047,0.1488975686015387,-0.12769855211599151,0.3091019175115888,0.23676691145621073,0.29583733606189944,0.2065007127240962,-0.03505880912993731,-0.005882509356459476,0.04825136035563861,0.03855816585266117,0.135811,-1.848919,1.9847299999999999,-1.8177829999999982,0.091713,0.04853744444444444,-0.0936613076923077,-0.05708147619047619,9.936224237241232,0.0,0.1111111111111111,0.152686,-1.9847299999999999,0.3902589999999999,-0.001442684920634921,-0.146309,0.4880952380952381,-0.109352853,-0.07149975,-0.0333503,-0.020968999999999998,-0.000231,0.016429800000000005,0.025469099999999998,0.05780929000000043,0.1338511779999996,0.9910344951490551,0.016825872307962324,0.005162551428073136,0.012739964022319687,0.04456071279512931,0.012283909222452928,0.9997514327941277,0.02056830679156811,0.00783500997163355,0.01789160971424825,0.036010233480983145,0.010041121022653133,0.9985845939367389,0.01806873126109938,0.006302635004370492,0.014193745602000813,0.046360259313626855,0.011624384106501294,0.5091342335186656,-0.06849515693549664,0.18346600577379485,0.12232400788474815,0.19308385719714297,0.09594763862889642,0.021403542061038904,0.0,0.0,0.005216439923415918,0.047051648891106204,0.0,0.06349206349206349,0.11180133042191069
mask3,mask3,/Users/personal/Documents/授業/M2/DSS実習/data/mixed_final_masked.csv,0,1259,0.2765740273748951,0.11754374411738058,0.23675935522625904,0.12353766371883333,0.17177183043198338,-0.03131680789732837,0.011935648401806092,-0.07719278416727857,3.1099999999999994,0.04,3.0699999999999994,2.369999999999999,0.13176470588235292,0.09313432835820896,-0.13733333333333336,-0.08788732394366196,4.63001618354441,0.21,-1.0899999999999994,3.0699999999999994,0.001880952380952381,-0.27,0.43174603174603177,-0.19741,-0.11,-0.06,-0.04,0.0,0.05,0.07,0.11,0.15740999999999986,0.9882448673801858,0.03339017017105263,0.012439855304624856,0.03007906248539012,0.06657890056166445,0.01675175556031854,0.9997084107202421,0.03531486465355482,0.018912624991709124,0.031011746082117476,0.055272378688777456,0.012184141522819278,0.9982602445835272,0.03514938868801635,0.017100400120936738,0.03171863742130067,0.06421218214104292,0.015063885470324959,0.40826052422557585,-0.17761741100305867,0.22215069089008094,0.06747115862027783,0.16047976401422795,0.061198337721606245,0.039162280837086234,1.0,0.17936507936507937,0.08794929384559626,-0.18048241951435262,-0.03935181666548164,0.02237997814897007,0.04176712432293861,0.0351951617106816,-0.12767448139740792,-0.005337830515914663,-0.016005436455631118,-0.008244287050183022,-0.14283871266228804,0.0,0.07936507936507936,-0.2309356779597219,-0.09850819603749797,-0.15609811378331256,-0.499008568027877,-0.16076586448417335,0.19032393165414785,0.21731227705759323,-0.22777482688515965,-0.2018567898512583,-0.18089019279794813,-0.17339976130215531,-0.2719026698690704,-0.1795653585702676,-0.048602613278413816,0.072881498628135,0.0005858919175692827,-0.16857761410048733,-0.15477980252844617,-0.1750855486556837,-0.4155858846018312,-0.15222306377227462,0.029320745190018357,0.13744543699684364,-0.10464215812036079,0.19282223287306377,0.20270792373210475,0.22810664937647931,0.10833981130422536,0.24607786892527558,-0.06589899803033765,-0.0971838861593061,0.028970700148948644,0.14411300000000002,-0.474511,0.6186240000000001,-0.038104999999999965,0.033882615384615386,0.02193268253968254,-0.027591846153846154,-0.0199051746031746,1.763721666822959,0.07692307692307693,0.06349206349206349,0.045609,-0.6186240000000001,0.45213100000000006,-3.0242063492063403e-05,-0.036641,0.4888888888888889,-0.030735297,-0.023113699999999997,-0.0151243,-0.0112416,-0.0002745,0.010977300000000006,0.015347649999999992,0.025136690000000034,0.04185303799999999,0.9907671887719567,0.008431056257720676,0.004210473775004431,0.007682279459086352,0.01564637187817036,0.003602963350620131,0.9998621595382964,0.00947410461029217,0.005215931521781223,0.009509747421440251,0.013826488704184441,0.002960738989790032,0.9987354827356124,0.008904223339289355,0.004841050284989204,0.008180282903769168,0.016076804993946526,0.003342583280332952,0.41223193010325654,0.2903007907803348,0.16597482176388278,0.1826418942424763,0.17242910357780195,0.08796562224639572,0.009451957319643252,0.0015873015873015873,0.0007936507936507937,-0.16366888313429118,0.11431815648899527,0.0,0.015873015873015872,-0.12594835516868846
mask4,mask4,/Users/personal/Documents/授業/M2/DSS実習/data/mixed_final_masked.csv,0,1259,0.19470378714307698,0.1588412664887779,0.16397976196213604,0.1273271765774468,0.016590664099515186,0.04207250049693774,0.05851374079398808,0.047916737377697735,3.230000000000003,-1.3999999999999997,4.630000000000003,2.750000000000004,0.1811764705882353,0.1306578947368421,-0.18944444444444442,-0.13569444444444445,1.5755783207651781,0.29,-1.3599999999999997,4.630000000000003,0.002182539682539683,-0.3,0.47619047619047616,-0.24482,-0.16,-0.1,-0.07,0.0,0.08,0.1,0.15,0.26445999999999914,0.9864444358159128,0.057416441506018774,0.026167728216259113,0.054954526656136364,0.09674192472759678,0.021505928118122773,0.9997384817237077,0.061642069442222364,0.03706048772600551,0.06490350804473499,0.08160147078897288,0.01495005025933562,0.997889800961082,0.05971226788848666,0.03379382357486165,0.06036345242161288,0.08791991982372223,0.018066226838893026,0.5011914217633042,-0.10786079725512697,0.1935025670525138,0.08168823776126559,0.1724539718110988,0.04585496444067368,0.06273842153263944,1.0,0.07301587301587302,0.25468630320775826,0.07319893224490405,-0.06197324713401431,-0.013903309429479925,0.017308347811971617,-0.028142107555994222,-0.09630413426898454,-0.0007063593129009134,0.04839944015843516,-0.010725264464547081,0.13848117424653805,0.23076923076923078,0.14285714285714285,0.11327464464122795,-0.07809968996715913,0.033677635743225735,-0.5255545976282433,0.010066893923509687,0.6666104145853992,0.37075220383593877,0.2323028041423564,0.012963279166306473,-0.1481878456830373,-0.026239770890207275,-0.25005265467914317,-0.0638738676843075,0.34917963113431694,0.17321223021408172,0.4272048190468412,0.046922000954593736,-0.09784396119084325,0.025190866434975555,-0.3904995673629529,0.043658755048171516,0.5174040467184898,0.2923167090055968,0.3379028997378481,0.38640745525258413,0.22253616599495515,0.37323574930259457,0.11253179795417542,-0.1822820424454424,-0.02914492400192096,0.07215691673987289,0.08499045681500389,0.7512050000000002,-0.334678,1.0858830000000002,0.7385360000000002,0.054037846153846145,0.02937255555555555,-0.05699361538461538,-0.032377920634920634,13.04200586246795,0.15384615384615385,0.1111111111111111,0.093828,-0.382497,1.0858830000000002,0.0005861396825396824,-0.119841,0.5388888888888889,-0.090154963,-0.03591035,-0.018629999999999997,-0.0129707,0.0009480000000000001,0.013919800000000003,0.018345499999999997,0.03073324000000003,0.08703313999999968,0.9938455939495613,0.010917208010548034,0.005019261827201407,0.008957496066842631,0.019034836471322814,0.007500814644930633,0.9995616918137984,0.010972794822798866,0.007262697791231911,0.009741413777115135,0.017459600251955462,0.003561679495223969,0.9991449355039406,0.01139465362915675,0.006467605804292813,0.00942070386804151,0.020344737732935207,0.006536728521165268,0.5234312946783162,-0.5177549250495653,0.5117492552915208,0.1108048645383904,0.32259712231126947,0.14483058376650765,0.01343711970109075,0.0,0.0,0.02423943549832939,0.27659375113611656,0.15384615384615385,0.09523809523809525,0.13104781976678825
mask5,mask5,/Users/personal/Documents/授業/M2/DSS実習/data/mixed_final_masked.csv,0,1259,0.12538269899436674,0.13944939144691948,0.12580426658368443,0.08941286681109288,0.040678261287323374,0.0036914183997214553,0.015205625149835372,0.02138897656348359,6.4399999999999915,-2.0500000000000003,8.489999999999991,3.789999999999993,0.36705882352941177,0.2942424242424242,-0.40428571428571436,-0.2930882352941176,0.8254075192885191,0.49,-2.939999999999997,8.489999999999991,0.0030079365079365068,-0.48,0.4888888888888889,-0.46741,-0.36,-0.22,-0.16,-0.0,0.17,0.23,0.32,0.43740999999999985,0.9890679706839242,0.12190289048573172,0.02779838124783528,0.12312189082368737,0.1987183937133148,0.04741369186209859,0.999528455024774,0.13663876757702317,0.10030259749644857,0.13495671786409508,0.17118404343251828,0.02100567220501739,0.9984314532422774,0.1263784351380138,0.03198757007910787,0.1320192230702892,0.1906587091098571,0.040712454623386164,0.4868943606036537,-0.05266267747929896,0.09937617286792803,0.07743999798198371,0.08240741031177305,0.04364647128670418,0.1341549090400777,1.0,0.04523809523809524,-0.08864730231458087,-0.05817146976359326,-0.012554228333457386,0.022746351650805387,0.0016604600670011224,-0.00556649832007555,-0.0034102858669570676,-0.0014638332007332238,-0.007284727341340974,-0.0044007923045073505,0.007281348393706501,0.0,0.06349206349206349,-0.017938043871250108,-0.11217262875086949,-0.07444870531364928,-0.42592056720099736,-0.08494622294062894,0.29125577559049176,0.21993023336822773,0.25691092953922007,-0.02579568555268491,-0.10572576118444381,-0.07575611209462035,-0.13461530655570844,-0.07957228048383527,0.015190765966494756,0.043140922972739755,0.8043404578161373,0.055364503005097744,-0.12404803609597105,-0.07180850764707382,-0.2497826601869237,-0.07790952167634067,0.16863878033791735,0.12422446116643374,0.5820561441559735,0.251194214273534,0.12009907461497657,0.21286347231213967,0.05849553277183643,0.0010780524295421325,-0.017759763457260474,0.031966598608347316,-0.017274829858365183,0.04067899999999999,-1.4386760000000014,1.4793550000000013,-1.3858590000000008,0.04401907692307693,0.028928158730158728,-0.06333938461538462,-0.03802777777777778,5.59455443264374,0.0,0.09523809523809525,0.058957,-1.4793550000000013,0.2087859999999998,-0.0010998880952380952,-0.104072,0.48412698412698413,-0.09209557900000001,-0.04522097,-0.0238979,-0.0179521,-0.0005265000000000001,0.014961100000000001,0.020102399999999996,0.03501914000000006,0.05399062699999993,0.988663144777028,0.012997825491075204,0.0054402504710261805,0.011463209270967738,0.02787608749806902,0.006485269481207747,0.9994710756725346,0.013625762965278766,0.010763053462853176,0.012723309826563554,0.021378927039846417,0.0028443485566746187,0.9978204242669867,0.01369165641128003,0.007805323931866135,0.012197640498013744,0.027506822109252215,0.005594505382526726,0.4964257347100874,-0.89543973233861,0.13041523696870538,0.102824955518635,0.16714273482173986,0.03874524520547914,0.0148252823023316,0.0,0.0,-0.06959561699509015,-0.053868485544342294,0.0,0.031746031746031744,-0.021461027302785454
mask6,mask6,/Users/personal/Documents/授業/M2/DSS実習/data/mixed_final_masked.csv,0,1259,0.14416060992384241,0.05968433752668531,0.1051685075728971,0.023340096367951445,-0.023608726749857298,-0.02038542288034906,-0.03264076948606668,-0.0155976163536485,0.55,-3.189999999999999,3.7399999999999993,-3.1599999999999984,0.20692307692307693,0.14743243243243243,-0.23642857142857146,-0.16046153846153846,2.3207558344642907,0.24,-3.7399999999999993,2.040000000000002,-0.0025079365079365085,-0.51,0.4634920634920635,-0.27741000000000005,-0.18,-0.12,-0.09,0.0,0.09,0.12,0.16410000000000083,0.24,0.9821817292378822,0.0674677360333195,0.033147398087934314,0.06263186090162101,0.11421361565067449,0.023451852056603363,0.9994942157534361,0.07490515919330716,0.05902541564250269,0.06990233396516006,0.09945592891448206,0.013100760143681459,0.9971546469323135,0.0706494562754243,0.03810740504297241,0.06705008734332102,0.10788006226435976,0.019644137883491064,0.5051628276409849,-0.25342013143044956,0.09684312909484763,0.028922987998563052,0.06026525101785248,-0.0039022219851283964,0.0726869506455918,1.0,0.05476190476190476,0.3990190526873438,0.4401771954768287,-0.03711004632532611,-0.020074171836609277,-0.020360780009971,-0.00395855382645216,-0.046985311037560214,0.03355386894321645,-0.018090428893717477,-0.0235746647813324,0.23986740103554482,0.3076923076923077,0.36507936507936506,0.5174997504783436,0.2186779219660984,0.4546721473484636,-0.13834217276359534,0.5131506924568371,0.8034615044472802,0.2995559153159781,0.1853758988726749,0.39423273576632845,0.47846841938335677,0.4600657100223279,0.27379837833588483,0.47811834452945795,0.5737028190021884,0.09389558404236403,-0.45084170104121635,0.42526772227532705,0.3392077294103508,0.466609558063092,0.15280900190540114,0.4964758248359472,0.7371893499100477,0.19429547861713464,0.07183587458911865,0.23528771296518422,0.19746027788366227,0.3774179187098524,0.1076271026189209,-0.1220071908925095,0.06608643976789821,-0.04480530897523464,0.0020601537005419217,0.10169200000000006,-0.6901240000000001,0.7918160000000001,0.010983000000000293,0.05952899999999999,0.037510730158730174,-0.06631376923076923,-0.04090615873015873,5.745639679001059,0.0,0.04761904761904762,0.10789,-0.7918160000000001,0.7590140000000003,8.716666666666683e-06,-0.09035,0.546031746031746,-0.088977207,-0.04835341,-0.02659195,-0.0181617,0.0008705,0.015476000000000002,0.023759999999999993,0.04340309000000001,0.07035784499999997,0.9936368378892176,0.013711199873046457,0.004927317977104778,0.011469657663919199,0.030592536311819594,0.008462463219718696,0.9997856156317503,0.01593154733948476,0.00997384497925633,0.012711537998265682,0.027362203074418466,0.006174971445168257,0.9989982297786049,0.014544685579070071,0.006932106400912253,0.01213135239490629,0.03334554100428564,0.007838677814579345,0.5305798252581414,-0.2914149380903719,0.21297604456464145,0.1360069913738741,0.3436762906649046,0.07365552965006752,0.016325160040924123,0.0007936507936507937,0.0007936507936507937,0.4426263193688476,0.29401603555146977,0.15384615384615385,0.30158730158730157,0.15642075518588233
mask7,mask7,/Users/personal/Documents/授業/M2/DSS実習/data/mixed_final_masked.csv,0,1259,0.023606528573671112,0.036200524470607225,0.1300292900752537,0.029311539265015594,0.020689740403635925,0.005222018469117613,0.033914062563089105,-0.013477318759480569,0.21000000000000013,-3.499999999999998,3.7099999999999977,-2.0599999999999965,0.21,0.14530303030303032,-0.176,-0.12681159420289853,1.12683756691007,0.25,-3.7099999999999977,1.770000000000002,-0.0016349206349206354,-0.21,0.4158730158730159,-0.2,-0.15,-0.1,-0.07,-0.005,0.08,0.11,0.18410000000000082,0.23,0.9746804673273275,0.05917050431226462,0.03501428280002318,0.05748695504199196,0.08932524839036275,0.016265514790700288,0.9985811380035386,0.06501920950003533,0.054026506748673604,0.06723744697440695,0.07100722216622891,0.0058150707096933305,0.9949294810486102,0.061496862117866445,0.042922847725897405,0.06058815482664573,0.08462076165862324,0.012337113201914399,0.48848292295472595,0.3601669799464616,0.031001960155330528,0.047564335270629844,0.11950533899055987,0.009380390385074528,0.0627240875701005,1.0,0.08412698412698413,0.2071520299773422,0.31195580698219,-0.033972049378413964,0.01659906699207196,-0.03716885434324573,-0.017230288033765064,0.004506526569799597,0.009521951247125914,0.0013686603457675,-0.030925157074975684,0.2862582551361858,0.15384615384615385,0.25396825396825395,0.5129654576635743,-0.013567662095236754,0.2466315044277072,-0.32224162673093004,0.2742225096090334,0.7797850712964254,0.3508342433819627,0.5642363047686835,0.5581511988941866,0.10767516312313674,0.3147930290251829,0.07507078892145008,0.2920538781546559,0.6029172512590649,0.1625493963405621,0.8839739188458854,0.4913931213711204,0.08580864751159506,0.27192495837694813,-0.12723165870998263,0.27304356862691437,0.7124429356723962,0.2593030426476141,0.6431325141162414,0.16048761889458138,0.16426595378510006,0.2189719080238449,0.057961554852655126,-0.021412100696831825,-0.029349330304181798,-0.03459044493897834,0.0037017863757166647,0.081992,-0.516841,0.598833,-0.12931300000000007,0.043611076923076926,0.02948774603174604,-0.037977384615384614,-0.02682733333333333,1.918372927470024,0.0,0.0,0.058539,-0.598833,0.4297709999999999,-0.00010262936507936513,-0.057647,0.503968253968254,-0.045872123,-0.03046988,-0.01999875,-0.0150581,5.9999999999999995e-05,0.014106300000000037,0.0199389,0.03533187,0.05398129299999992,0.9898228172188854,0.01123072508961765,0.0056317388158542364,0.010110770179739026,0.019976019514908367,0.00482602952426289,0.9998117747965147,0.012301559539566975,0.006928443183249275,0.01336843370414536,0.016968272620210174,0.0033776461944394344,0.9984262418862604,0.011616684926707118,0.006239682447206304,0.01105657355715748,0.020033870798619825,0.004255003692691321,0.528196981731533,0.22369075014470946,0.15893117862681141,0.12270277691822586,0.176662306064072,0.005970237400928493,0.012501062100525746,0.0,0.0,0.2630678334606394,0.23877147130389662,0.15384615384615385,0.2698412698412698,0.24342154080613418
mask8,mask8,/Users/personal/Documents/授業/M2/DSS実習/data/mixed_final_masked.csv,0,1259,0.20168442976686604,0.11518651933003013,0.16775513005490905,0.13175908747850365,-0.06860412517324563,-0.04467267691423903,-0.028600546582816223,0.0008848027142654715,1.800000000000001,-1.629999999999999,3.4299999999999997,-1.4099999999999988,0.20375000000000001,0.14407894736842106,-0.2153846153846154,-0.15314285714285716,1.1641370946966232,0.32,-3.4299999999999997,2.320000000000001,-0.001119047619047619,-0.27,0.4666666666666667,-0.25741,-0.1741,-0.12,-0.09,-0.0,0.08,0.11,0.17,0.2622299999999996,0.9873846560199032,0.06374648267740654,0.02031624965391005,0.06553434214211652,0.10435516278555651,0.0246005920493005,0.9997362839195378,0.06945265203346662,0.03686202075078511,0.07268896798702949,0.08568977958031612,0.01409565816628714,0.9982101147993461,0.06650984833001976,0.025729333799599307,0.07223634417976293,0.09281230719503994,0.021011899565057827,0.5202541699761716,-0.04224937280542606,0.13548219234434025,0.05874745766933579,0.09748157501766891,0.05894226757224687,0.06964719563205996,1.0,0.05952380952380952,-0.12294191462804387,0.01247882724978153,0.032043239439204355,-0.01896221256179439,0.017976765777163638,0.02979019080972021,-0.04312169569230235,0.007775375878700204,0.0137744625804677,-0.008843000295746901,0.06575937908808097,0.0,0.0,0.03442037689259323,0.0891624743258925,0.022388418568510836,-0.3722526343627406,0.02379647248856198,0.38627400516592736,0.22187506241838015,0.037245906122248894,-0.007374911450611188,0.05397894231224933,0.000985990318060334,-0.05788072867087159,-0.0022122225214399067,0.09442229012240944,0.04369747549140578,-0.36246686002018075,-0.0010667981371104667,0.029490666923306087,0.01498157540946266,-0.18054931100044536,0.02487610517173571,0.19710913028188076,0.11321726218853266,0.03740569642818374,0.3155349986301709,0.13477596218970947,0.19637809901052833,0.03333547499477801,-0.04639865900331057,-0.08920335641109636,-0.034704124777230304,-0.02493600867817673,-0.021242,-0.5800119999999993,0.5587699999999993,-0.3317759999999997,0.04698284615384615,0.02696159375,-0.05109353846153846,-0.030235555555555554,15.565443049137986,0.0,0.031746031746031744,0.082875,-0.5587699999999993,0.3238319999999996,-0.0002633142857142856,-0.132757,0.5198412698412699,-0.057861258,-0.034820540000000004,-0.019236999999999997,-0.0128816,0.0003015,0.01133660000000001,0.015883,0.03346726000000005,0.0762482889999998,0.9873844985605151,0.010216459230487423,0.004831934907467222,0.008438755331208504,0.02132485878141987,0.006143078868048412,0.9988633161514374,0.010618888692234226,0.007078838433498273,0.010436662189827356,0.017263157059698747,0.00239075242570486,0.9968707753874795,0.010670005822825084,0.005879831969289934,0.009589567126737348,0.024861060045890022,0.005160702979987956,0.5131056393963463,-0.7223189147880731,0.3366354671734774,0.03253600411366659,0.08456092826425943,0.015273555632176585,0.012325730950266898,0.0,0.0,0.017247712239367052,-0.059390765277253926,0.0,0.03125,0.04306987225734501
mask9,mask9,/Users/personal/Documents/授業/M2/DSS実習/data/mixed_final_masked.csv,0,1259,0.1445506308157621,0.16541838245628263,0.19651572759065428,0.14851661857932952,0.09215741907619207,0.0030794552582882303,0.018800991736137238,-0.10126552205887022,3.230000000000001,-1.0000000000000002,4.230000000000001,0.2599999999999991,0.34071428571428564,0.2344776119402985,-0.36,-0.24157142857142858,3.561369754023061,0.56,-4.230000000000001,3.2800000000000002,0.00020634920634920732,-0.7,0.48095238095238096,-0.43705,-0.3,-0.17,-0.12,0.0,0.12,0.17,0.28,0.41704999999999925,0.9890084122166221,0.09288786415659912,0.02942787793912354,0.09082262933872792,0.16119785978728118,0.04353233363785806,0.9997488274238265,0.11047369217233295,0.05232533903555564,0.11932164229923961,0.13897540106215944,0.02661491947350382,0.998258973714556,0.09822158580324131,0.034122341765436597,0.10207792045994682,0.1592891182641496,0.03976418329269486,0.4853057982525814,-0.21634371329573426,0.05349537127132649,0.09281233246454869,0.06615079353479454,0.048204635731683876,0.10467465221738467,1.0,0.06190476190476191,0.16960117418473422,-0.28550481019799884,-0.0021639488230354533,-0.0008630216153816419,0.03269075909524564,0.0021663384534269686,-0.029717557253312904,-0.04605548224235751,-0.022309603231272034,0.025930397550901686,-0.22388744441572062,0.0,0.015873015873015872,-0.29875071304074896,-0.2482003463381393,-0.289401046837401,-0.6804015030650896,-0.3119989822183928,0.10029182440083682,0.23834762202724388,-0.04814052743810544,-0.33463557913148323,-0.27604740154897905,-0.3115467000900118,-0.42771911511199656,-0.3010831073767798,-0.202323299023731,0.07270420782681003,-0.24732625169445277,-0.30264368288209553,-0.2713084154062157,-0.29941379194880563,-0.5362345345140701,-0.31496621967722993,-0.0010243804697027772,0.15576033660539773,-0.08986273327676654,0.012486421503268402,0.0033655129117397694,0.06787523824456317,-0.0396225110508607,0.09451401318020305,-0.05501655314965866,-0.008986519004688335,0.031648273716732005,1.2373529999999988,-0.05194999999999999,1.2893029999999988,0.9975709999999981,0.021542307692307694,0.015946825396825393,-0.018931,-0.014004603174603175,0.8249145353623639,0.07692307692307693,0.15873015873015872,0.026665,-0.26119200000000065,1.2893029999999988,0.0007917230158730158,-0.025383,0.5436507936507936,-0.022710683,-0.01600824,-0.010271599999999999,-0.007255,0.000722,0.0095396,0.0118793,0.017710500000000018,0.026357165,0.9696749400211562,0.006374065307985044,0.00422623014369782,0.006173512438434063,0.0096746533891401,0.0015975011718367704,0.9987699379311921,0.006709633409132354,0.00561546468009435,0.006739305073798356,0.007734196749796947,0.0006370613073429653,0.9939385563908054,0.006620182951486394,0.004970929368049095,0.006513822266409996,0.008882214334951332,0.0011808985445303359,0.4749801429706116,0.0934884523065211,0.0024218749228169505,0.03794685881586884,0.08432629865945274,-0.03268813856914122,0.006841106037022648,0.0,0.0,-0.2607578954757436,0.24202706448437944,0.0,0.04761904761904762,-0.0545347855936397
mask10,mask10,/Users/personal/Documents/授業/M2/DSS実習/data/mixed_final_masked.csv,0,1259,0.08073368206273215,0.05206058876717242,0.04291833975724046,0.03340207235665477,0.0016029935417429947,0.018304972585503013,-0.031098586443594745,-0.054049789758211265,0.05,-5.649999999999995,5.699999999999995,-5.539999999999996,0.16461538461538464,0.11784615384615385,-0.1792857142857143,-0.12666666666666662,1.574132516459743,0.22,-5.699999999999995,0.8399999999999999,-0.004396825396825397,-0.3,0.42063492063492064,-0.24482,-0.14,-0.09049999999999997,-0.07,0.0,0.06,0.09,0.13410000000000083,0.1848199999999997,0.9778873754070115,0.05176638595110276,0.025317977802344568,0.05192301994298879,0.07658165576690028,0.015484556923850232,0.9990148879952054,0.05500092272123321,0.04030036898220343,0.05771029713198267,0.06153403437079113,0.006771168303205046,0.9957337582676805,0.053786367429827286,0.02635953505411679,0.05599238676721559,0.0704926335744311,0.01214937919404478,0.4797458300238284,-0.08371438859271141,0.03240641669366722,0.03255379620033021,0.02875851164633073,0.013330377276803862,0.05542506443568354,1.0,0.09682539682539683,0.22252213863708825,0.003974493603640209,-0.029764714671092634,-0.02730192159612883,0.006649551084788892,-0.012540974819435202,-0.024113978959150396,-0.002001899551848984,0.0011902389854132047,-0.015248397296981596,0.28577426051933497,0.15384615384615385,0.1746031746031746,0.2702050877266339,-0.2319090026955231,-0.11179830814815984,-0.5413727834315177,-0.13995702404364013,0.4913710861041433,0.30063782352674207,0.5994099886135181,0.23345515832687488,-0.15585517299927817,-0.049447425561847745,-0.23511503499226,-0.1596396762696292,0.25243804731591085,0.18318402786882468,0.9388557783485778,0.27516137902206944,-0.1956969551185563,-0.1012035248091836,-0.3871914396259306,-0.1397936757404642,0.35274162247233004,0.22557119435958775,0.7591839770026322,0.13415542411368625,0.1435714170271353,0.25260282110419624,0.06015999449477914,0.02798329217537096,-0.012810980070620074,0.020173703804291104,-0.025040900827555078,0.561301,-0.110355,0.671656,0.5068409999999999,0.037982461538461534,0.02160574603174603,-0.031258230769230774,-0.01885363492063492,8.160246803991983,0.0,0.1111111111111111,0.070851,-0.31760600000000005,0.671656,0.000402254761904762,-0.04531,0.526984126984127,-0.043238627,-0.020841560000000002,-0.012863449999999998,-0.0091277,0.0004275,0.009278900000000005,0.013213049999999999,0.026466960000000022,0.05788214199999975,0.9907692920100022,0.007493134110743163,0.0036157922147158827,0.006464964147425718,0.01562893282345279,0.004133051304764906,0.9996602119675445,0.008422590909253383,0.00563102260632464,0.006861605540011681,0.014278670742076857,0.0030297446123080016,0.9984023800263353,0.007796853250357605,0.004527835974070366,0.006665503920498406,0.01722084180734613,0.0037937027461412763,0.4670373312152502,0.6513910050264597,0.05778361281547753,0.06992768845599752,0.2666751638441578,0.010005379432583237,0.008825630245637726,0.0,0.0,-0.05645389491940557,0.12540552099528368,0.07692307692307693,0.1111111111111111,0.18753333943169637
mask11,mask11,/Users/personal/Documents/授業/M2/DSS実習/data/mixed_final_masked.csv,0,1259,0.2360650568025544,0.19019840741607266,0.2079217788477474,0.23635588546114822,0.059589827732981354,-0.026568404858319704,0.053389223592466305,-0.0019254364814593817,0.4099999999999999,-3.4499999999999997,3.8599999999999994,-0.4100000000000016,0.2373333333333334,0.1448809523809524,-0.22000000000000003,-0.14777777777777779,2.1840236622920495,0.26,-3.8599999999999994,3.149999999999998,-0.0003253968253968251,-0.24,0.45396825396825397,-0.23740999999999998,-0.18409999999999999,-0.11,-0.08,0.0,0.08,0.1,0.21,0.26,0.992546344636684,0.0584215515750147,0.014239030865898143,0.05396989901787847,0.11053845484717073,0.029259417083026207,0.9999090413840271,0.06398670145906792,0.029724587523289738,0.05488407983835294,0.10093706520004339,0.02284459459790058,0.9992169893386464,0.060895159637275036,0.017444437222870673,0.057648556001605906,0.11360256877680368,0.028144721853920602,0.49722001588562353,0.16147862956770367,0.16667532488580894,0.10368107289401687,0.14917619563931991,0.1438458312555481,0.06711023026182306,1.0,0.09365079365079365,0.012571223606192295,-0.008035401791843434,0.0073077314624068294,0.059050862805338056,-0.012437831271041479,-0.009209863796934678,0.005686795749326937,-0.028604185365143066,0.002785011730862993,0.005015248856059873,0.05758256371498764,0.0,0.04761904761904762,-0.061973239223391555,0.05007871061908155,0.005066514835042041,-0.3952005261542225,0.025711918419784922,0.3560500453861483,0.2293380490283279,-0.19830608081684217,-0.022002960927705133,0.03582406437216802,0.03190749133802024,-0.03874164411951199,0.023689225379769342,0.11623198338739148,0.05243535299737121,-0.18996417741913726,-0.02254836359674132,0.0361641671822216,0.012523215008624522,-0.18997488940004706,0.010656022967633152,0.20090002200449303,0.12098545735089114,-0.2711677367346428,0.2515864799972397,0.2136996865984729,0.20595440767549408,0.06101989326514623,0.004107266226148801,-0.03130087165095584,-0.009867299766730456,-0.0458382891683081,0.058063000000000003,-0.4832920000000001,0.5413550000000001,-0.3609410000000002,0.04033438461538462,0.02646547619047619,-0.04736938461538461,-0.030786317460317455,3.127513902127273,0.0,0.06349206349206349,0.050628,-0.5413550000000001,0.3147230000000003,-0.0002864611111111111,-0.066505,0.5158730158730159,-0.061405337,-0.03765952,-0.0194989,-0.0141843,0.000322,0.013354600000000001,0.01812685,0.03142410000000003,0.048899724999999936,0.9915281624439691,0.010731744924299383,0.004453357939802303,0.009978801622815245,0.021875870469537897,0.005245842182113532,0.9995804948099226,0.01077991647666151,0.0063261878415292756,0.011837954802834744,0.014623499441299963,0.002613755828035466,0.9982841936381389,0.01100287538399054,0.005034935563559755,0.01013924182885673,0.020010174348792525,0.004500021630897558,0.5083399523431295,-0.38805264896363895,0.21310088919537135,0.17286416585432607,0.1644840200624506,0.02369534960624931,0.01234308358186094,0.0,0.0,0.006169780578728666,0.015108973624592804,0.0,0.031746031746031744,-0.13636435215570977
mask12,mask12,/Users/personal/Documents/授業/M2/DSS実習/data/mixed_final_masked.csv,0,1259,0.03388355415283297,0.08273513972630278,0.029831561223281417,0.06764136194212733,0.1125033226958052,0.022029200855309444,0.03201474779431197,0.01963183252469971,0.5578040000000002,-1.7562140000000004,2.314018000000001,0.4232320000000002,0.15794261538461538,0.10266771428571428,-0.20340592307692307,-0.11878955555555555,5.708643272545922,0.211425,-1.9011560000000003,2.314018000000001,0.0003358984126984128,-0.330199,0.5238095238095238,-0.310410229,-0.14038710000000001,-0.07300614999999999,-0.0500682,0.002018,0.053400300000000005,0.0742229,0.12770651000000038,0.18613094199999974,0.9770244662131637,0.04347325717194471,0.023746852704042636,0.039642826614786186,0.0822615297170403,0.016577688073891587,0.9993244473007586,0.04799629237084407,0.032219248383252914,0.05013555028607034,0.06410782016677696,0.010479262633085703,0.9953620592579137,0.04604355331996619,0.02817442455219334,0.044619474530938535,0.0710811682792239,0.013416589059029644,0.46068308181096107,-0.7205424923489816,0.034451202422860365,0.17666750907350698,-0.0018777610590644778,0.024842317654853625,0.04839405778027374,0.0,0.0,0.13352862640476235,0.3758092924584552,0.23206600311800482,-0.04935688624536887,0.01201155700661054,0.00828388476217399,-0.007560110228435954,0.010396211603986577,0.04224001779187244,-0.009944472317784447,0.14149038632346786,0.0,0.15873015873015872,0.43918232427701337,0.31953013588607915,0.3888422276694775,0.019451446024631603,0.406631439402673,0.6856829196590392,0.19877452720252017,0.24938526329045752,0.3724323637327009,0.432795072298214,0.3909268833137255,0.3429107122594355,0.37915118961282507,0.4994608105303195,0.0483102574227573,-0.438255400211831,0.40917633777263435,0.3366009745476557,0.3957882484384603,0.20993827227807907,0.4115089732483289,0.5582200826955364,0.10930917570553873,0.17510413139663908,0.010968337814034007,-0.01152549414857754,-5.9556709456805034e-05,-0.05075812099275123,-0.04786372141382675,-0.005432503607604177,0.01495212275502616,0.012486395386455658,0.41540000000000055,-0.11617899999999996,0.5315790000000005,0.39932700000000054,0.02648430769230769,0.018877015873015872,-0.023603076923076925,-0.01779574603174603,2.242743721320249,0.0,0.0,0.063332,-0.1965789999999999,0.5315790000000005,0.00031692619047619047,-0.037106,0.5182539682539683,-0.025350433999999998,-0.019999339999999997,-0.0137327,-0.010374499999999998,0.000316,0.010909700000000001,0.014003899999999996,0.02102898000000003,0.027673952999999977,0.9602845010177988,0.008246587263226532,0.00567680675093842,0.008003783225918853,0.011223917468513388,0.0019063048794990582,0.998005581758707,0.008733522047260352,0.007427414348070587,0.008653163980341837,0.01008632097080016,0.0008128643377762504,0.9883638309507086,0.00855388239888878,0.006849847442325661,0.008420805947368945,0.010945352199233788,0.0012505452622789948,0.5194598888006354,0.2359731009524787,-4.8950471859746525e-05,-0.017119295851798513,-0.013345416254018602,-0.019308519860612994,0.008693853627804818,0.0,0.0,0.4144569897227148,0.09945127938896338,0.07692307692307693,0.14285714285714285,0.3026240456428818
mask13,mask13,/Users/personal/Documents/授業/M2/DSS実習/data/mixed_final_masked.csv,0,1259,0.24655363481709017,0.21217522706420272,0.21320919961471124,0.1762099836157073,0.019464153262999172,0.06062591840188122,0.01620871198701073,-0.01893432032854361,2.580000000000001,-2.9800000000000004,5.560000000000001,2.580000000000001,0.4192857142857143,0.30328125,-0.38866666666666666,-0.2821126760563381,1.6009824485118278,0.55,-3.5700000000000003,5.560000000000001,0.0020476190476190477,-0.59,0.4849206349206349,-0.47705,-0.32,-0.21,-0.16,0.0,0.15100000000000136,0.23,0.36,0.49740999999999985,0.991835490654968,0.11379348339008094,0.021330729007701544,0.12195388472697385,0.18839519632941817,0.05529675844130266,0.9998580965436477,0.1230557004380744,0.03714590635783948,0.12757106418476558,0.16278501451918853,0.03797405501068513,0.9990132789286014,0.11716036494609916,0.02377754229940358,0.1307896047867962,0.17419383991635431,0.05038535967740107,0.5019857029388404,0.03395699817783164,0.17476677029332258,0.10644737888315182,0.1316458241594399,0.11764314527893029,0.13032717420246978,1.0,0.06746031746031746,-0.022601165643030528,-0.2794738064027416,-0.01557741928094087,0.010387193400646208,-0.017868875093678332,0.028602372802024302,-0.02933518704740923,-0.03506053701201897,-0.037764726708728096,0.05669599514810703,0.05510979348248019,0.0,0.0,-0.3879883320232732,-0.3710218928777348,-0.3834450409566266,-0.6756547834785671,-0.41299181569677207,-0.01307313637450587,0.19851076456825428,0.046670840299122385,-0.37508455486664344,-0.3947244825036091,-0.3706661209720294,-0.46337634858309085,-0.37151823672291556,-0.2734554596328704,0.05515828004746824,0.25938168787547655,-0.3924880454285932,-0.35031351195066956,-0.38133832768909726,-0.5681265768655633,-0.3901451289683977,-0.1833556649305661,0.11076297889810928,0.054303706042847566,0.3469729491822762,0.20704610500427095,0.29218344685634107,0.12851599462091254,-0.02474035592644217,-0.019454659761651432,0.07566917804466028,-0.056982893832233886,0.035033,-1.9120890000000026,1.9471220000000027,-1.8918670000000029,0.06567707692307691,0.039063,-0.07816423076923075,-0.0495578253968254,6.912800974845803,0.07692307692307693,0.09523809523809525,0.131991,-1.9471220000000027,0.3206680000000004,-0.0015014817460317462,-0.102596,0.4865079365079365,-0.091943533,-0.06120054,-0.0307715,-0.0216032,-0.0002995,0.017459400000000003,0.02547269999999999,0.04532164000000011,0.11333877599999913,0.989466558923164,0.015375603881534573,0.00595376766342126,0.011611413500948123,0.03464813461082719,0.009462404618457597,0.9998005965702906,0.0158833636345589,0.00818577540715118,0.01536880579577904,0.024953257657515278,0.006288363491057467,0.9982231479743698,0.015992801385798266,0.007367783951473587,0.012466260300469923,0.030710406193895638,0.008412285237488232,0.4837172359015091,-0.1920961251987336,0.24198682311005865,0.11147339506840633,0.2063797059300147,0.14448363528170152,0.018747478462715572,0.0,0.0,-0.34612567951952783,-0.009196671547850054,0.0,0.0,0.044367486313820696
mask14,mask14,/Users/personal/Documents/授業/M2/DSS実習/data/mixed_final_masked.csv,0,1259,0.012461935636020731,0.021285380225338858,0.03512552063156106,0.024060796424672296,-0.04868838362607253,-0.04466891664013071,0.017619311585580995,-0.06652041875943607,1.1452980000000001,-1.8230599999999997,2.968358,-0.7578190000000032,0.21250469230769226,0.15335877777777776,-0.20285061538461535,-0.15317120634920636,0.7036201213655442,0.26341,-2.968358,1.7990209999999969,-0.0006014436507936514,-0.250616,0.49047619047619045,-0.23045164699999998,-0.1716552,-0.11741655000000001,-0.0862227,-0.0016610000000000001,0.08441950000000001,0.11513019999999997,0.1813997700000006,0.24276583099999988,0.9694440107767603,0.06666184920191745,0.04363160962077832,0.06471255082277313,0.09569403216366212,0.016173571104043036,0.9990530781550616,0.07005752386813728,0.058004240825034026,0.07176096074327237,0.07943139368345986,0.007498822833837108,0.994470223632805,0.06903177694802345,0.051530639129146565,0.06887979507177983,0.08731838318873922,0.011823050959936302,0.5234312946783162,0.03984615290159112,-0.0075323180594152744,0.020596404609137607,0.044429971006288274,0.04693489029494064,0.07016546353457254,0.0,0.0,0.1092068278813862,-0.025266784713084394,0.0037911100227588815,-0.012836995775833207,-0.03564452534796208,0.028592492608214382,0.006928253438534032,0.046616679413617045,-0.02635479640464136,0.032084051218918025,0.24387909790616452,0.0,0.1111111111111111,0.018775312912426668,-0.11962266419757084,-0.0648141902035612,-0.40186509976515067,-0.085152438863151,0.304983406098467,0.21912149016533036,0.25000897052415644,-0.020476125562942416,-0.07061924165867314,-0.026673748364993147,-0.08923870250077158,-0.027449349701942717,0.04448307743642772,0.042902010031539414,0.37786684699016504,0.015734357332356074,-0.1547063696922267,-0.05144944305345212,-0.2342561276949447,-0.057322139926331006,0.16716488494110404,0.11895423391541096,0.37412891304400747,0.23803644959939174,0.042364432618715385,0.14673959997431668,0.01895670907701577,-0.02750783231582875,0.0065859737806797875,-0.042791828043760895,-0.030299424827592077,0.5575120000000001,-0.007834,0.5653460000000001,0.5293040000000001,0.03479407692307693,0.0231136507936508,-0.03746023076923077,-0.023979158730158736,6.004318788256635,0.0,0.1111111111111111,0.087179,-0.4112990000000002,0.5653460000000001,0.00042008253968253966,-0.054705,0.530952380952381,-0.051686991,-0.0264981,-0.017089499999999997,-0.0116477,0.0005305,0.011526200000000002,0.016327549999999986,0.024569500000000005,0.04572803399999994,0.9868622447864129,0.009226248247733704,0.004952303682126163,0.008667259923845623,0.014546186670309852,0.004260262374837026,0.99933448164006,0.010461374512845843,0.0073120245923829034,0.009983537612468575,0.01445679201096094,0.0022657364158501798,0.9971448107427506,0.009725765230557085,0.005792999195496632,0.009302671748217126,0.016665080665999817,0.003520647643983685,0.5067513899920572,0.05616223682376083,0.23444762193313426,0.0003216540578695559,0.21400236413086937,0.02681970069197557,0.010422908345129251,0.0,0.0,-0.051816703358318394,0.07389380313844364,0.0,0.04761904761904762,-0.045797131769330264
